GROUP_ID,PERSON_ID
DOC_ACC_SHOP_LEAD,WC2144
DOC_ACC_SHOP_LEAD,WC2146
DOC_ACC_SHOP_LEAD,WC2148
DOC_ACC_SHOP_LEAD,100282
DOC_ACC_SHOP_LEAD,100349
DOC_ACC_SHOP_LEAD,103496
DOC_ACC_MTRL_MNG,100716
ARG_FINANCE_COST,100033
DOC_ACC_SHOP_LEAD,103516
DOC_ACC_MTRL_MNG,100740
DOC_ACC_ENG_SUP,100846
LIBRARIAN,103611
DOC_ACC_SALES,102646
DOC_ACC_SHOP_LEAD,100387
DOC_ACC_SHOP_LEAD,130050
TS_MFG_TECHS,103352
DOC_ACC_SHOP_LEAD,WC2142
DOC_ACC_SALES,120067
DOC_ACC_SALES,120071
DOC_ACC_SHOP_LEAD,WC2165
DOC_ACC_MTRL_MNG,100822
DOC_ACC_PLT_SVC,100627
DOC_ACC_SHOP_LEAD,100015
DOC_ACC_SHOP_LEAD,110614
DOC_ACC_SHOP_FLR_SUP,103173
DOC_ACC_SHOP_LEAD,110615
ARG_ECO_PURCH,100527
DOC_ACC_SHOP_LEAD,WC2240
ARG_ECO_SALES,100574
ARG_ECO_PSE,100060
DOC_ACC_SHOP_LEAD,110616
DOC_ACC_FGCOORD,100744
DOC_ACC_SHOP_LEAD,100519
DOC_ACC_SHOP_LEAD,103605
DOC_ACC_ENG_SUP,100519
DOC_ACC_MINCO_SA,102322
DOC_ACC_ITAR,100133
DOC_ACC_SHOP_FLR_SUP,100908
DOC_ACC_SHOP_LEAD,103668
TS_MFG_TECHS,100011
DOC_ACC_SHOP_LEAD,103669
DOC_ACC_SHOP_LEAD,103670
DOC_ACC_SHOP_LEAD,100744
DOC_ACC_SHOP_LEAD,103673
ARG_RMA_MTL,100294
DOC_ACC_ENG_SUP,100541
DOC_ACC_SHOP_LEAD,WC3020
DOC_ACC_SALES,100755
DOC_ACC_SHOP_LEAD,WC3290
DOC_ACC_SHOP_LEAD,103256
DOC_ACC_SHOP_LEAD,103619
DOC_ACC_SALES,102462
DOC_ACC_ENG,102057
DOC_ACC_SHOP_LEAD,103740
DOC_ACC_ENG,100105
DOC_ACC_SHOP_LEAD,103738
DOC_ACC_SHOP_LEAD,100120
DOC_ACC_ITAR,100015
DOC_ACC_ENG_SUP,100136
DOC_ACC_ENG_SUP,100657
DOC_ACC_SHOP_LEAD,103737
DOC_ACC_ENG_SUP,100220
DOC_ACC_SHOP_FLR_SUP,100551
DOC_ACC_SHOP_LEAD,100808
DOC_ACC_SHOP_LEAD,100911
ARG_PSE_ISE,100566
DOC_ACC_SHOP_LEAD,103736
ARG_ECO_PSE,100172
DOC_ACC_SALES,102261
DOC_ACC_ENG,100908
ARG_QA_HTR,100210
ARG_SNRS_LAMINATED,100634
DOC_ACC_IT,103590
DOC_ACC_SALES,102721
DOC_ACC_ENG,103427
DOC_ACC_ENG,100172
DOC_ACC_ITAR,103880
ARG_HEMI_TS,103772
DOC_ACC_SHOP_LEAD,103911
DOC_ACC_SHOP_LEAD,WC2170
DOC_ACC_SHOP_LEAD,102466
DOC_ACC_SHOP_LEAD,WC3281
DOC_ACC_ITAR,100355
DOC_ACC_ENG_SUP,103008
DOC_ACC_SHOP_LEAD,103008
DOC_ACC_ENG,102724
DOC_ACC_MTRL_MNG,103892
DOC_ACC_ITAR,100387
DOC_ACC_SHOP_FLR_SUP,103019
DOC_ACC_ENG,103019
DOC_ACC_SHOP_LEAD,WC3081
DOC_ACC_ENG_SUP,103024
DOC_ACC_MTRL_MNG,100942
DOC_ACC_SHOP_LEAD,103892
DOC_ACC_ENG,103889
ARG_OPS_TRAINING,103889
DOC_ACC_IT,103923
DOC_ACC_ITAR,100181
ARG_OPS_TRAINING,100908
DOC_ACC_ITAR,100510
DOC_ACC_ITAR,100574
DOC_ACC_ITAR,100615
DOC_ACC_ITAR,100857
DOC_ACC_SALES,103925
DOC_ACC_ITAR,102498
DOC_ACC_ITAR,102508
DOC_ACC_ITAR,102532
DOC_ACC_ITAR,102562
DOC_ACC_ITAR,102637
DOC_ACC_ITAR,102690
DOC_ACC_ITAR,103013
DOC_ACC_ITAR,103057
DOC_ACC_ITAR,103058
DOC_ACC_ITAR,103068
DOC_ACC_QA_ENG,103083
DOC_ACC_ENG,103084
DOC_ACC_SHOP_LEAD,WC3220
DOC_ACC_SHOP_LEAD,104029
DOC_ACC_ITAR,110313
DOC_ACC_ITAR,103077
DOC_ACC_ITAR,110084
DOC_ACC_MTRL_MNG,100933
ARG_SNSR_COREPRODUCT,100634
DOC_ACC_SHOP_LEAD,WC3130
DOC_ACC_MINCO_SA,120020
DOC_ACC_PLT_SVC,100570
DOC_ACC_DOC_COORD,100085
DOC_ACC_SALES,102522
DOC_ACC_IT,102325
DOC_ACC_MINCO_SA,102352
DOC_ACC_ACCTS_PAY,100145
HTR MFG K/T,100597
HTR MFG T/C,100908
DOC_ACC_ITAR,100145
DOC_ACC_ITAR,100243
DOC_ACC_ITAR,100253
DOC_ACC_SHOP_LEAD,WC3340
DOC_ACC_SHOP_LEAD,103758
DOC_ACC_SHOP_LEAD,100933
DOC_ACC_SHOP_LEAD,103510
DOC_ACC_SHOP_LEAD,103509
DOC_ACC_ENG,100068
DOC_ACC_INSP,100355
DOC_ACC_ENG,100104
DOC_ACC_FGCOORD,100134
DOC_ACC_ENG,100146
DOC_ACC_SHOP_LEAD,103508
DOC_ACC_ITAR,103517
DOC_ACC_CLAUSE,100510
DOC_ACC_SHOP_LEAD,103507
DOC_ACC_ENG,100219
DOC_ACC_SHOP_LEAD,103506
DOC_ACC_SHOP_LEAD,103505
DOC_ACC_ITAR,100800
DOC_ACC_MTRL_MNG,100386
DOC_ACC_ITAR,100893
DOC_ACC_SHOP_LEAD,HTRTOOL
DOC_ACC_SALES,100866
DOC_ACC_SHOP_LEAD,103733
DOC_ACC_ITAR,102470
ARG_MRKT_SALES,100574
ARG_HTR_ENG_DFT,100595
ARG_HTR_PMD_QUOTE,100756
DOC_ACC_ITAR,100027
DOC_ACC_SHOP_LEAD,110604
ARG_HTR_ENG_COORD,100485
DOC_ACC_SHOP_LEAD,130054
ARG_HTR_PMD_QUOTE,100430
ARG_HTR_SR_QUOTE,100246
ARG_HTR_SR_QUOTE,100485
DOC_ACC_ENG,100220
ARG_HTR3_ENG_COORD,100485
DOC_ACC_ENG,100283
ARG_SNRS_POTTED,100573
ARG_SNRS_POTTED,100060
DOC_ACC_ENG,100369
DOC_ACC_ENG,100397
DOC_ACC_ENG,100430
DOC_ACC_ENG,100434
DOC_ACC_ITAR,100086
DOC_ACC_SHOP_LEAD,103563
ARG_SNRS_POTTED,100068
DOC_ACC_ENG,100597
DOC_ACC_ENG,100599
DOC_ACC_ENG,100624
DOC_ACC_ENG,100628
ARG_SNRS_POTTED,100397
DOC_ACC_SHOP_LEAD,103735
DOC_ACC_ENG,100679
DOC_ACC_ENG,100700
DOC_ACC_SHOP_FLR_SUP,100105
DOC_ACC_SHOP_LEAD,110641
DOC_ACC_ENG,100745
DOC_ACC_SHOP_LEAD,WC3000
DOC_ACC_ITAR,100205
DOC_ACC_SHOP_LEAD,103560
DOC_ACC_QA_ENG,103558
DOC_ACC_SALES,102508
ARG_HTR_ENG_DFT,100343
DOC_ACC_SHOP_LEAD,103603
DOC_ACC_ENG_SUP,100027
DOC_ACC_ENG,103606
DOC_ACC_SHOP_LEAD,103622
DOC_ACC_IT,103760
DOC_ACC_MTRL_MNG,102711
DOC_ACC_SHOP_LEAD,103761
DOC_ACC_ITAR,100307
DOC_ACC_ENG_SUP,100259
DOC_ACC_ENG_SUP,100307
DOC_ACC_ENG_SUP,100309
DOC_ACC_SHOP_LEAD,103765
DOC_ACC_SHOP_LEAD,103766
DOC_ACC_ITAR,100309
DOC_ACC_SHOP_LEAD,103767
DOC_ACC_ITAR,100339
DOC_ACC_SHOP_LEAD,103043
DOC_ACC_ENG_SUP,100583
DOC_ACC_ENG_SUP,100595
DOC_ACC_ENG_SUP,100639
DOC_ACC_SHOP_LEAD,103316
DOC_ACC_ENV_CERT,103150
DOC_ACC_ENV_CERT,100177
DOC_ACC_ENG_SUP,100807
DOC_ACC_ENV_CERT,100059
DOC_ACC_ENG,100657
DOC_ACC_ITAR,100422
DOC_ACC_ITAR,100437
DOC_ACC_ENG,102325
DOC_ACC_ENG,TAXAUDITUSER
DOC_ACC_MNGR,100219
DOC_ACC_ITAR,102601
DOC_ACC_ENV_CERT,100574
DOC_ACC_PLN,100584
DOC_ACC_ITAR,100551
DOC_ACC_PLN,100357
DOC_ACC_FGCOORD,100187
DOC_ACC_SHOP_LEAD,103477
DOC_ACC_FGCOORD,100387
DOC_ACC_MNGR,103063
DOC_ACC_FGCOORD,100028
DOC_ACC_SHOP_LEAD,103478
DOC_ACC_FGCOORD,100015
TRAIN_DESIGN_ENG,100599
DOC_ACC_SHOP_LEAD,100497
DOC_ACC_AR,100243
DOC_ACC_SHOP_FLR_SUP,100256
DOC_ACC_MARKETING,100331
DOC_ACC_HTR_PTYPE,100907
DOC_ACC_SHOP_LEAD,103474
DOC_ACC_EXT,1019
TRAIN_DESIGN_ENG,100219
ARG_HTR_ENG_DFT,100137
DOC_ACC_SHOP_LEAD,103473
DOC_ACC_EXT,1020
DOC_ACC_ITAR,103378
DOC_ACC_ENG,100343
DOC_ACC_HTR_PTYPE,100144
DOC_ACC_MNGR_GENERAL,100700
DOC_ACC_SHOP_LEAD,100019
DOC_ACC_SHOP_LEAD,100102
DOC_ACC_SHOP_LEAD,100116
DOC_ACC_SHOP_LEAD,100151
DOC_ACC_ITAR,102705
DOC_ACC_SHOP_LEAD,100346
DOC_ACC_SHOP_LEAD,110632
DOC_ACC_SHOP_LEAD,100462
DOC_ACC_SHOP_LEAD,100601
DOC_ACC_SHOP_LEAD,100614
DOC_ACC_MTRL_MNG,103935
DOC_ACC_HR,110636
DOC_ACC_SHOP_LEAD,100861
DOC_ACC_ENG_SUP,100066
DOC_ACC_SHOP_LEAD,103595
DOC_ACC_QA_ENG,100015
DOC_ACC_SHOP_LEAD,103604
DOC_ACC_SHOP_LEAD,103663
DOC_ACC_ENG_SUP,100422
DOC_ACC_SHOP_LEAD,103662
DOC_ACC_EXT,1021
ARG_QUICK_TRN_ENG,100104
ARG_QUICK_TRN_ENG,100343
DOC_ACC_HTR_PTYPE,100808
DOC_ACC_DELIVERY,100028
ARG_SENCONOBJ,100043
DOC_ACC_ENG_SUP,103706
DOC_ACC_SHOP_FLR_SUP,100853
DOC_ACC_SHOP_FLR_SUP,100865
DOC_ACC_MNGR,103491
DOC_ACC_SHOP_FLR_SUP,100413
DOC_ACC_MTRL_MNG,100540
DOC_ACC_INSP,100015
DOC_ACC_INSP,100091
DOC_ACC_PLT_SVC,103713
DOC_ACC_ITAR,102715
DOC_ACC_QA_ENG,100265
DOC_ACC_ITAR,103716
ARG_SENCONOBJ,100309
ARG_SENCONOBJ,100639
TRAIN_DESIGN_ENG,100369
DOC_ACC_SHOP_LEAD,103742
DOC_ACC_INSP,100373
DOC_ACC_SHOP_LEAD,PLATINGLINE
DOC_ACC_FINANCE,100126
DOC_ACC_FINANCE,100243
DOC_ACC_SHOP_LEAD,WC1738
DOC_ACC_FINANCE,100893
DOC_ACC_SHOP_LEAD,FLEXPTT
DOC_ACC_MTRL_MNG,100613
LIBRARIAN,100085
DOC_ACC_ENG,100210
DOC_ACC_ENG,103944
DOC_ACC_SHOP_LEAD,103872
ARG_FINANCE_AR,100253
DOC_ACC_MTRL_MNG,100028
ARG_HEMI_OPS_TS,103140
DOC_ACC_MTRL_MNG,100294
DOC_ACC_ITAR,102724
DOC_ACC_MTRL_MNG,100494
DOC_ACC_MTRL_MNG,100527
ARG_FLX_DEM,102057
DOC_ACC_MTRL_MNG,100842
DOC_ACC_PLN,100251
DOC_ACC_PLT_SVC,100716
DOC_ACC_R&D,100066
DOC_ACC_R&D,100161
DOC_ACC_ITAR,103017
DOC_ACC_ITAR,103019
DOC_ACC_R&D,100382
DOC_ACC_ITAR,100934
DOC_ACC_ITAR,103184
DOC_ACC_R&D,100846
DOC_ACC_SHOP_LEAD,103904
DOC_ACC_SALES,100059
DOC_ACC_ITAR,103060
DOC_ACC_ITAR,103544
DOC_ACC_INSP,103080
ARG_INV_HTR,103421
DOC_ACC_MARKETING,103944
DOC_ACC_SALES,100218
DOC_ACC_MNGR,103944
FLEX_PLANNER,100754
DOC_ACC_SHOP_LEAD,100731
DOC_ACC_ENG,103960
DOC_ACC_SHOP_FLR_SUP,102387
DOC_ACC_SALES,102699
DOC_ACC_SHOP_LEAD,100942
DOC_ACC_SALES,100574
FLX_PROTO_TECH,100551
DOC_ACC_SALES,100615
DOC_ACC_MTRL_MNG,103040
ARG_SNSR_NEWPRODUCT,100573
ARG_SNSR_NEWPRODUCT,100060
DOC_ACC_SHOP_LEAD,100187
ARG_SNSR_COREPRODUCT,100043
LIBRARIAN,100309
DOC_ACC_SHOP_LEAD,WC1732
ARG_SNSR_COREPRODUCT,100068
DOC_ACC_SHOP_LEAD,100578
DOC_ACC_SHOP_LEAD,WC1731
DOC_ACC_SHOP_LEAD,103906
DOC_ACC_SHOP_LEAD,WC1734
ARG_PLAN_HTR,100584
DOC_ACC_ITAR,100527
DOC_ACC_SHOP_LEAD,WC1735
DOC_ACC_SALES,103057
ARG_SNSR_ECOPROJECTS,100624
DOC_ACC_ENG_SUP,100432
DOC_ACC_SALES,102700
ARG_FLX_RMA_ME,102057
ARG_SNSR_ECOPROJECTS,100690
DOC_ACC_SHOP_LEAD,WC1736
ARG_SNSR_ECOPROJECTS,100639
ARG_FLX_RMA_ME,100679
ARG_SNSR_ECOPROJECTS,100309
DOC_ACC_SALES,102690
ARG_SNSR_ECOPROJECTS,100068
DOC_ACC_SHOP_LEAD,WC1145
DOC_ACC_SHOP_LEAD,WC2120
DOC_ACC_SHOP_LEAD,WC7110
DOC_ACC_SHOP_LEAD,WC4280
DOC_ACC_SHOP_LEAD,WC4260
DOC_ACC_SHOP_LEAD,WC4220
DOC_ACC_SHOP_LEAD,WC4160
DOC_ACC_ENG_SUP,100205
ARG_SNSR_ECOPROJECTS,100043
DOC_ACC_SALES,1009
DOC_ACC_MARKETING,102690
DOC_ACC_FGCOORD,100740
DOC_ACC_FGCOORD,100431
DOC_ACC_SHOP_LEAD,103916
DOC_ACC_SHOP_LEAD,100829
DOC_ACC_ENG_SUP,103379
DOC_ACC_SHOP_LEAD,100604
HEMI_TECHS,103027
DOC_ACC_ENG_SUP,103549
DOC_ACC_SHOP_FLR_SUP,102271
FLX_PROTO_TECH,103424
DOC_ACC_SHOP_LEAD,WC4140
DOC_ACC_ENG,100552
ARG_HTR_ENG_DFT,103335
DOC_ACC_SHOP_LEAD,WC4080
DOC_ACC_ENG_SUP,103010
ARG_ECO_TSCS_HEMI,103880
DOC_ACC_SHOP_LEAD,100100
DOC_ACC_SHOP_LEAD,103977
DOC_ACC_SHOP_LEAD,103981
DOC_ACC_SHOP_LEAD,103982
ARG_ENG_SPACE,100483
DOC_ACC_SHOP_LEAD,100234
DOC_ACC_SHOP_LEAD,100205
DOC_ACC_SHOP_LEAD,100586
FLEX-PROD-TECH,100105
DOC_ACC_SHOP_LEAD,103986
DOC_ACC_SHOP_LEAD,103989
DOC_ACC_SHOP_LEAD,WC2185
DOC_ACC_SHOP_LEAD,WC2175
DOC_ACC_SHOP_LEAD,100004
DOC_ACC_SHOP_LEAD,103988
ARG_ENG_SPACE,103161
DOC_ACC_ITAR,102325
DOC_ACC_SHOP_LEAD,WC2135
ARG_ENG_SPACE,103905
TRAIN_MANUF_FLEX,100865
TRAIN_MANUF_HEATERS,100013
TRAIN_MANUF_SEN/INS,100222
DOC_ACC_SHOP_LEAD,WC2130
DOC_ACC_SHOP_LEAD,WC2105
TRAIN_DESIGN_ENG,100179
TRAIN_SALES,100181
TRAIN_SALES,100574
TRAIN_MATERIALS,100654
DOC_ACC_SHOP_LEAD,103993
DOC_ACC_SHOP_LEAD,103994
DOC_ACC_ENG,103107
ARG_TECH_WRITERS,103611
DOC_ACC_SHOP_LEAD,104004
DOC_ACC_SHOP_LEAD,104008
TRAIN_IT,100203
TRAIN_ACCT,100145
TRAIN_QA,100210
TRAIN_QA,100355
DOC_ACC_ITAR,100308
DOC_ACC_SHOP_LEAD,104009
DOC_ACC_SHOP_LEAD,WC3360
DOC_ACC_SHOP_LEAD,WC3320
DOC_ACC_SHOP_LEAD,WC3270
DOC_ACC_SHOP_LEAD,WC3260
DOC_ACC_SHOP_LEAD,WC3170
DOC_ACC_ITAR,103040
DOC_ACC_SHOP_LEAD,WC3090
DOC_ACC_SHOP_LEAD,WC3060
DOC_ACC_MTRL_MNG,100654
DOC_ACC_INSP,100169
DOC_ACC_INSP,100187
DOC_ACC_ENG,102055
ARG_SNRS_LAMINATED,102055
DOC_ACC_SALES,102138
DOC_ACC_SALES,102140
TRAIN_MANUF_HEATERS,103368
ARG_TSR_MA,MERYEMBENSLIMANE1
DOC_ACC_ENG_SUP,100105
DOC_ACC_EXT,102507
DOC_ACC_ENG,102645
DOC_ACC_ENG,103055
DOC_ACC_ENG,102649
ARG_HTR_PMD_QUOTE,100259
ARG_SNSR_NEWPRODUCT,103511
DOC_ACC_ENG_SUP,100485
DOC_ACC_DELIVERY,102358
ARG_HTR_ENG_COORD,100259
ARG_HTR2_ENG_COORD,100259
DOC_ACC_SHOP_LEAD,WC3100
DOC_ACC_SHOP_LEAD,100822
DOC_ACC_SHOP_LEAD,100031
ARG_PLAN_TSCS,100205
TRAIN_MANUF_ENG,100483
ARG_PLAN_TSCS,100256
DOC_ACC_SHOP_LEAD,WC1733
ARG_PLAN_TSCS,100754
DOC_ACC_ENG,100161
DOC_ACC_ENG,102715
DOC_ACC_SHOP_LEAD,100214
DOC_ACC_SHOP_LEAD,WC1405
DOC_ACC_PLN,100628
DOC_ACC_IT,TAXAUDITUSER
TRAIN_MANUF_FLEX,100468
DOC_ACC_HR,102514
DOC_ACC_HR,102578
ARG_PLAN_HTR,100031
DOC_ACC_SHOP_FLR_SUP,103334
DOC_ACC_MTRL_MNG,100541
DOC_ACC_ITAR,103303
DOC_ACC_ENG,103022
DOC_ACC_PLT_SVC,100257
ARG_FLEX_MFG_ENG,102057
ARG_PSE_ISE,100172
ARG_PSE_ISE,100060
DOC_ACC_ENG,100060
DOC_ACC_SHOP_LEAD,102711
DOC_ACC_ITAR,103309
DOC_ACC_MTRL_MNG,100061
DOC_ACC_PLN,100417
DOC_ACC_SHOP_LEAD,103451
ARG_ECO_SA,102322
DOC_ACC_SHOP_LEAD,WC1425
FLEX PRODUCT DESIGN,102057
DOC_ACC_ENG,100756
DOC_ACC_ENG,103011
DOC_ACC_SHOP_LEAD,110565
ARG_TSR_SA,102322
DOC_ACC_ITAR,100021
DOC_ACC_ENG,100021
DOC_ACC_ITAR,103104
DOC_ACC_ITAR,100060
DOC_ACC_ITAR,100068
DOC_ACC_ITAR,100104
DOC_ACC_SHOP_LEAD,103088
DOC_ACC_PLN,100413
ARG_INV_HTR,100942
DOC_ACC_SHOP_FLR_SUP,103344
DOC_ACC_SHOP_LEAD,WC5115
DOC_ACC_SHOP_LEAD,102341
DOC_ACC_ITAR,100105
DOC_ACC_MTRL_MNG,100307
DOC_ACC_ITAR,100146
DOC_ACC_ITAR,100172
ARG_INV_HTR,100028
DOC_ACC_ITAR,100219
DOC_ACC_ITAR,100246
DOC_ACC_ITAR,100331
DOC_ACC_ITAR,100369
DOC_ACC_ITAR,100397
DOC_ACC_ITAR,100430
DOC_ACC_ITAR,100435
DOC_ACC_ITAR,100483
DOC_ACC_ITAR,100529
DOC_ACC_ITAR,100552
DOC_ACC_ITAR,100573
DOC_ACC_ITAR,100599
DOC_ACC_ITAR,100628
DOC_ACC_ITAR,100634
DOC_ACC_ITAR,100679
DOC_ACC_ITAR,100700
DOC_ACC_ITAR,100756
DOC_ACC_ITAR,102055
DOC_ACC_ENG,103395
DOC_ACC_SHOP_LEAD,103118
DOC_ACC_ITAR,100907
DOC_ACC_ENG_SUP,103135
DOC_ACC_SHOP_LEAD,100491
DOC_ACC_ENG,103069
DOC_ACC_ENG_SUP,110187
DOC_ACC_ITAR,103142
DOC_ACC_ITAR,103141
DOC_ACC_SHOP_LEAD,110567
DOC_ACC_MNGR,103069
DOC_ACC_FINANCE,120059
DOC_ACC_SHOP_LEAD,110512
DOC_ACC_ENG,103161
DOC_ACC_SALES,120066
DOC_ACC_ENG_SUP,103165
DOC_ACC_ENG_SUP,102450
ARG_FRANCE,102140
DOC_ACC_ENG,103126
ARG_FLX_DEM,103415
DOC_ACC_ENG,102726
DOC_ACC_PLN,100031
DOC_ACC_ACCTS_PAY,120108
DOC_ACC_MTRL_MNG,103274
DOC_ACC_SHOP_LEAD,103212
DOC_ACC_SHOP_LEAD,103455
DOC_ACC_SHOP_LEAD,110548
DOC_ACC_SHOP_LEAD,103488
DOC_ACC_ENG,120058
DOC_ACC_SHOP_LEAD,103472
DOC_ACC_SALES,103227
DOC_ACC_SHOP_LEAD,103027
DOC_ACC_DELIVERY,103236
DOC_ACC_ITAR,100357
DOC_ACC_SALES,120093
DOC_ACC_SALES,120094
DOC_ACC_SHOP_LEAD,100103
DOC_ACC_IT,103063
DOC_ACC_ITAR,100595
DOC_ACC_ITAR,100698
DOC_ACC_ITAR,100824
DOC_ACC_ITAR,100868
DOC_ACC_ITAR,102271
DOC_ACC_ITAR,102387
DOC_ACC_SHOP_LEAD,103498
DOC_ACC_ITAR,103020
DOC_ACC_MTRL_MNG,100359
DOC_ACC_SHOP_LEAD,110594
DOC_ACC_SHOP_LEAD,110593
DOC_ACC_SHOP_LEAD,130039
DOC_ACC_ENG,100551
DOC_ACC_QA_ENG,102450
DOC_ACC_ITAR,103251
DOC_ACC_PLT_SVC,103176
DOC_ACC_ENG,103511
DOC_ACC_SALES,103512
DOC_ACC_SALES,120084
DOC_ACC_INSP,103247
DOC_ACC_SHOP_LEAD,103513
DOC_ACC_ITAR,103084
DOC_ACC_ITAR,100144
DOC_ACC_SHOP_LEAD,103515
DOC_ACC_SHOP_LEAD,103514
DOC_ACC_ENG_SUP,103156
DOC_ACC_ENG_SUP,103189
DOC_ACC_SHOP_LEAD,103066
DOC_ACC_ITAR,100413
DOC_ACC_ENG,120090
DOC_ACC_ENG,120080
DOC_ACC_ENG,120071
DOC_ACC_ENG,103077
DOC_ACC_R&D,103160
DOC_ACC_MTRL_MNG,103239
ARG_FRANCE_ENG,1021
ARG_FRANCE_ENG,120020
ARG_SNSR_COREPRODUCT,103386
DOC_ACC_SHOP_LEAD,130052
DOC_ACC_SHOP_LEAD,100329
DOC_ACC_SALES,103513
DOC_ACC_ITAR,103404
ARG_HTR_PROD_SUP,103140
DOC_ACC_SHOP_LEAD,103573
ARG_FINANCE_COST,100800
DOC_ACC_MTRL_MNG,CDUCROS120028
DOC_ACC_ITAR,103504
DOC_ACC_MTRL_MNG,102507
DOC_ACC_MTRL_MNG,102322
DOC_ACC_ENG,103169
DOC_ACC_MTRL_MNG,120028
DOC_ACC_ITAR,103505
DOC_ACC_INSP,100120
DOC_ACC_INSP,100387
DOC_ACC_INSP,103113
DOC_ACC_DELIVERY,103239
DOC_ACC_MTRL_MNG,100754
DOC_ACC_FINANCE,100800
ARG_MRKT_SALES,100698
DOC_ACC_ITAR,100025
DOC_ACC_ITAR,100100
DOC_ACC_ITAR,100731
DOC_ACC_ITAR,100306
DOC_ACC_ITAR,100908
DOC_ACC_ITAR,100519
DOC_ACC_ENG,103142
DOC_ACC_ITAR,103385
DOC_ACC_ITAR,103511
DOC_ACC_ITAR,103513
DOC_ACC_ITAR,103161
ARG_FLX_DFT,103273
ARG_LOGISTICS,100061
ARG_LOGISTICS,102358
DOC_ACC_MTRL_MNG,103243
ARG_FRANCE_ENG,120058
DOC_ACC_SHOP_LEAD,103518
DOC_ACC_SHOP_LEAD,110610
DOC_ACC_SHOP_LEAD,110611
DOC_ACC_SHOP_LEAD,110613
DOC_ACC_QA_ENG,103229
DOC_ACC_ITAR,103150
DOC_ACC_SHOP_LEAD,110612
ARG_RCVG_INSP,100214
DOC_ACC_ITAR,103512
DOC_ACC_ITAR,103408
DOC_ACC_ITAR,110593
DOC_ACC_SHOP_LEAD,103527
DOC_ACC_SHOP_LEAD,103522
DOC_ACC_SHOP_LEAD,103532
DOC_ACC_SHOP_LEAD,110633
DOC_ACC_SHOP_LEAD,103571
DOC_ACC_SHOP_LEAD,103580
DOC_ACC_SHOP_LEAD,103575
DOC_ACC_QA_ENG,103028
DOC_ACC_ITAR,102501
DOC_ACC_SHOP_LEAD,103592
DOC_ACC_SHOP_LEAD,103593
DOC_ACC_ENG,103594
DOC_ACC_SHOP_LEAD,103588
ARG_ECO_SA,103558
DOC_ACC_SHOP_LEAD,103602
DOC_ACC_SHOP_LEAD,103607
DOC_ACC_QA_ENG,103609
DOC_ACC_SHOP_LEAD,103379
DOC_ACC_SHOP_LEAD,103610
DOC_ACC_SHOP_LEAD,103627
DOC_ACC_ITAR,103632
DOC_ACC_SHOP_LEAD,103657
DOC_ACC_SHOP_LEAD,103665
DOC_ACC_SHOP_LEAD,103686
DOC_ACC_SHOP_LEAD,103682
DOC_ACC_SHOP_LEAD,103655
DOC_ACC_ENG,103501
DOC_ACC_INSP,103655
TRAIN_QA,103501
DOC_ACC_ENG,100437
DOC_ACC_ITAR,103232
DOC_ACC_SHOP_LEAD,103469
DOC_ACC_ITAR,103114
DOC_ACC_ITAR,103087
DOC_ACC_ITAR,100836
DOC_ACC_ITAR,103126
DOC_ACC_MTRL_MNG,103364
DOC_ACC_MARKETING,103367
DOC_ACC_MTRL_MNG,110478
DOC_ACC_ENG_SUP,103126
DOC_ACC_MTRL_MNG,103323
DOC_ACC_SHOP_LEAD,103378
DOC_ACC_ENG_SUP,103381
ARG_TSR_SA,120104
DOC_ACC_MTRL_MNG,100853
DOC_ACC_SALES,1005
DOC_ACC_FINANCE,103384
ARG_FINANCE_AP,103384
DOC_ACC_ENG,103389
DOC_ACC_MTRL_MNG,110502
DOC_ACC_SHOP_LEAD,110564
DOC_ACC_SALES,103402
ARG_QUICK_TRN_ENG,103401
DOC_ACC_SHOP_LEAD,110509
DOC_ACC_ENG_SUP,100845
TS_MFG_TECHS,100519
TS_MFG_TECHS,102519
DOC_ACC_QA_ENG,130034
DOC_ACC_ITAR,103399
DOC_ACC_SHOP_LEAD,110516
DOC_ACC_IT,103411
DOC_ACC_SHOP_LEAD,110526
DOC_ACC_SHOP_LEAD,110528
DOC_ACC_SHOP_LEAD,103421
DOC_ACC_SHOP_LEAD,103422
DOC_ACC_ITAR,103439
DOC_ACC_SHOP_LEAD,103425
DOC_ACC_SHOP_LEAD,110543
DOC_ACC_SHOP_LEAD,103429
DOC_ACC_HTR_PTYPE,103120
DOC_ACC_SHOP_LEAD,103120
DOC_ACC_SHOP_LEAD,103435
DOC_ACC_SHOP_LEAD,110413
DOC_ACC_EXT,120058
ARG_TSR_SA,120058
ARG_ECO_SA,120058
DOC_ACC_SHOP_LEAD,103436
DOC_ACC_SHOP_LEAD,110555
DOC_ACC_ITAR,110411
DOC_ACC_SHOP_LEAD,110554
DOC_ACC_MARKETING,103442
DOC_ACC_SHOP_LEAD,103444
DOC_ACC_ITAR,103430
DOC_ACC_SHOP_LEAD,103445
DOC_ACC_ENG,100555
DOC_ACC_SHOP_LEAD,110562
DOC_ACC_SHOP_LEAD,110570
DOC_ACC_ITAR,103406
DOC_ACC_SHOP_LEAD,103457
DOC_ACC_SHOP_LEAD,103460
DOC_ACC_SHOP_LEAD,103459
DOC_ACC_SHOP_LEAD,103458
DOC_ACC_SHOP_LEAD,110572
DOC_ACC_SHOP_LEAD,110573
DOC_ACC_ITAR,103446
DOC_ACC_SALES,103461
DOC_ACC_SHOP_LEAD,103462
DOC_ACC_SHOP_LEAD,110575
DOC_ACC_ENG,120104
DOC_ACC_INSP,110570
DOC_ACC_SHOP_LEAD,103464
DOC_ACC_SHOP_LEAD,103463
DOC_ACC_SHOP_LEAD,103476
DOC_ACC_SHOP_LEAD,103487
DOC_ACC_SHOP_LEAD,103470
DOC_ACC_SHOP_LEAD,103468
DOC_ACC_SHOP_LEAD,103466
DOC_ACC_SHOP_LEAD,110576
DOC_ACC_SHOP_LEAD,110581
DOC_ACC_SHOP_LEAD,103501
DOC_ACC_SALES,110582
DOC_ACC_SHOP_LEAD,103482
DOC_ACC_SHOP_LEAD,103484
DOC_ACC_SHOP_LEAD,103486
DOC_ACC_SHOP_LEAD,103479
DOC_ACC_SHOP_LEAD,120114
DOC_ACC_QA_ENG,103491
DOC_ACC_SHOP_LEAD,110586
DOC_ACC_SHOP_LEAD,110587
DOC_ACC_SHOP_LEAD,110591
DOC_ACC_SHOP_LEAD,103499
DOC_ACC_SHOP_LEAD,130040
DOC_ACC_CONT_MGT,103517
DOC_ACC_CONT_MGT,100059
DOC_ACC_SHOP_LEAD,110608
DOC_ACC_SHOP_LEAD,110609
DOC_ACC_SHOP_LEAD,110637
DOC_ACC_SHOP_LEAD,103572
DOC_ACC_SHOP_LEAD,103586
DOC_ACC_ENG_SUP,103587
DOC_ACC_SHOP_LEAD,100906
DOC_ACC_ENG,100355
DOC_ACC_SHOP_LEAD,103672
DOC_ACC_SHOP_LEAD,103671
DOC_ACC_SHOP_LEAD,103677
DOC_ACC_SHOP_LEAD,103689
DOC_ACC_SHOP_LEAD,103691
DOC_ACC_SHOP_LEAD,103692
DOC_ACC_SHOP_LEAD,103699
DOC_ACC_SHOP_LEAD,103697
DOC_ACC_SHOP_LEAD,103700
DOC_ACC_SHOP_LEAD,105005
DOC_ACC_ENG,120098
DOC_ACC_ENG_SUP,103455
DOC_ACC_SALES,103303
DOC_ACC_ENG_SUP,100021
FLEX_PLANNER,100487
DOC_ACC_SHOP_LEAD,102283
DOC_ACC_SHOP_LEAD,100435
DOC_ACC_ITAR,102450
DOC_ACC_ENG,103385
DOC_ACC_SHOP_LEAD,110519
DOC_ACC_QA_ENG,100842
DOC_ACC_SHOP_LEAD,110521
DOC_ACC_SHOP_LEAD,110529
DOC_ACC_SHOP_LEAD,103424
DOC_ACC_MTRL_MNG,120035
ARG_PLAN_FLX,100487
DOC_ACC_SHOP_LEAD,103447
DOC_ACC_ENG,103446
DOC_ACC_SHOP_FLR_SUP,100776
DOC_ACC_SHOP_LEAD,103494
DOC_ACC_SHOP_LEAD,103492
DOC_ACC_SHOP_LEAD,WC1430
DOC_ACC_SHOP_LEAD,110599
DOC_ACC_SHOP_LEAD,130048
DOC_ACC_SHOP_LEAD,130046
DOC_ACC_SHOP_LEAD,130049
DOC_ACC_ITAR,103386
DOC_ACC_ITAR,100120
ARG_PURCHASE,103239
ARG_PURCHASE,100308
ARG_PURCHASE,100494
DOC_ACC_SHOP_LEAD,103637
DOC_ACC_SHOP_LEAD,103635
DOC_ACC_SHOP_LEAD,103630
DOC_ACC_SHOP_LEAD,103629
DOC_ACC_ENG,103632
DOC_ACC_ENG,103638
DOC_ACC_FINANCE,103726
DOC_ACC_SALES,103727
DOC_ACC_ENG,103750
DOC_ACC_SHOP_LEAD,103718
DOC_ACC_SHOP_LEAD,103621
DOC_ACC_SHOP_LEAD,103745
DOC_ACC_QA_ENG,103721
DOC_ACC_SHOP_LEAD,103752
DOC_ACC_MTRL_MNG,103733
DOC_ACC_SHOP_LEAD,110618
DOC_ACC_SHOP_LEAD,103769
DOC_ACC_ENG,105006
DOC_ACC_SHOP_LEAD,105006
DOC_ACC_SHOP_LEAD,103771
DOC_ACC_ENG,103772
DOC_ACC_ENG_SUP,103772
DOC_ACC_SHOP_LEAD,103775
DOC_ACC_SHOP_LEAD,103776
DOC_ACC_SHOP_LEAD,103777
DOC_ACC_SHOP_LEAD,WC2149
DOC_ACC_SHOP_LEAD,WC2150
DOC_ACC_SHOP_LEAD,103778
DOC_ACC_SHOP_LEAD,103781
DOC_ACC_SHOP_LEAD,103789
DOC_ACC_SHOP_LEAD,103785
DOC_ACC_SHOP_LEAD,103792
DOC_ACC_SHOP_LEAD,103796
ARG_MCC,103402
DOC_ACC_SHOP_LEAD,103797
DOC_ACC_ENV_CERT,103040
DOC_ACC_ENV_CERT,103239
DOC_ACC_ENV_CERT,103078
DOC_ACC_ENV_CERT,100527
DOC_ACC_ENV_CERT,100308
DOC_ACC_ENV_CERT,100494
DOC_ACC_ENV_CERT,102000
DOC_ACC_ENV_CERT,103760
DOC_ACC_ENV_CERT,103754
DOC_ACC_ENV_CERT,103335
DOC_ACC_ENV_CERT,103753
DOC_ACC_ENV_CERT,103386
DOC_ACC_ENV_CERT,103510
DOC_ACC_ENV_CERT,100624
DOC_ACC_ENV_CERT,100657
ARG_FRANCE_ENG,120118
DOC_ACC_ENV_CERT,103379
DOC_ACC_SHOP_LEAD,103810
DOC_ACC_SHOP_LEAD,103811
ARG_PLAN_HTR,100942
DOC_ACC_PLN,103593
DOC_ACC_SHOP_LEAD,103813
DOC_ACC_SHOP_LEAD,103814
DOC_ACC_SHOP_LEAD,103819
DOC_ACC_SHOP_LEAD,103828
DOC_ACC_SHOP_LEAD,103832
DOC_ACC_ITAR,103140
DOC_ACC_SHOP_LEAD,103837
DOC_ACC_SHOP_LEAD,103843
DOC_ACC_SHOP_LEAD,103845
DOC_ACC_SHOP_LEAD,103850
DOC_ACC_SHOP_LEAD,103852
DOC_ACC_SHOP_LEAD,103854
DOC_ACC_SHOP_LEAD,103856
DOC_ACC_ITAR,103427
DOC_ACC_SHOP_FLR_SUP,103617
DOC_ACC_SHOP_LEAD,103868
DOC_ACC_SHOP_LEAD,103867
FLEX-PROD-TECH,103268
FLEX-PROD-TECH,103379
DOC_ACC_SHOP_LEAD,103876
DOC_ACC_EXT,105007
DOC_ACC_SHOP_LEAD,103878
DOC_ACC_SHOP_LEAD,103881
DOC_ACC_ENG,103880
HEMI_TECHS,100146
HEMI_TECHS,100437
DOC_ACC_HR,103890
DOC_ACC_SHOP_LEAD,103888
ARG_FAI,103184
ARG_PLAN_HTR,100933
DOC_ACC_PLN,1020
DOC_ACC_SHOP_LEAD,WC2160
DOC_ACC_SHOP_LEAD,100968
DOC_ACC_SHOP_LEAD,WC2147
DOC_ACC_ENG_SUP,103419
DOC_ACC_SHOP_LEAD,102519
DOC_ACC_SHOP_LEAD,130023
DOC_ACC_SHOP_LEAD,103390
DOC_ACC_SHOP_LEAD,103392
DOC_ACC_SHOP_LEAD,103393
DOC_ACC_SHOP_LEAD,110590
DOC_ACC_PLN,100933
DOC_ACC_SHOP_LEAD,110589
DOC_ACC_ITAR,103415
DOC_ACC_SHOP_LEAD,103434
DOC_ACC_SHOP_LEAD,103443
ARG_RCVG_INSP,103491
DOC_ACC_SHOP_LEAD,103419
DOC_ACC_ITAR,103491
DOC_ACC_ITAR,110570
DOC_ACC_SHOP_LEAD,110598
DOC_ACC_ENG,103510
DOC_ACC_ENG,103506
DOC_ACC_ENG,103505
DOC_ACC_SHOP_LEAD,103521
DOC_ACC_SHOP_LEAD,103524
DOC_ACC_SHOP_LEAD,103919
DOC_ACC_SHOP_LEAD,103547
DOC_ACC_SHOP_LEAD,103549
DOC_ACC_SHOP_LEAD,103550
DOC_ACC_SHOP_LEAD,103553
DOC_ACC_SHOP_LEAD,103555
DOC_ACC_MTRL_MNG,103596
DOC_ACC_SHOP_LEAD,103596
DOC_ACC_SHOP_LEAD,103612
DOC_ACC_ITAR,100578
DOC_ACC_SHOP_LEAD,100011
DOC_ACC_SHOP_LEAD,103756
DOC_ACC_ENG,103755
DOC_ACC_ENG,103753
DOC_ACC_ENG,103749
DOC_ACC_SHOP_LEAD,103861
DOC_ACC_SHOP_LEAD,103816
DOC_ACC_ITAR,103754
ARG_FLEX_MFG_ENG,103753
ARG_FLX_RMA_ME,103753
FLEX PRODUCT DESIGN,103753
DOC_ACC_ITAR,103749
DOC_ACC_SHOP_LEAD,103820
DOC_ACC_SHOP_LEAD,103821
DOC_ACC_SHOP_LEAD,103860
DOC_ACC_QA_ENG,100934
DOC_ACC_SALES,103353
DOC_ACC_SHOP_LEAD,103914
DOC_ACC_ENG,103913
DOC_ACC_ITAR,103913
TRAIN_MANUF_ENG,103913
DOC_ACC_ITAR,103905
DOC_ACC_HTR_PTYPE,100025
DOC_ACC_HTR_PTYPE,103114
DOC_ACC_HTR_PTYPE,103087
DOC_ACC_HTR_PTYPE,103027
DOC_ACC_HTR_PTYPE,103071
DOC_ACC_HTR_PTYPE,100731
DOC_ACC_SHOP_LEAD,103935
DOC_ACC_MTRL_MNG,103519
DOC_ACC_MTRL_MNG,103421
DOC_ACC_SHOP_LEAD,103917
DOC_ACC_SHOP_LEAD,103918
FS-HEMI-TECH-ETCH,100105
FS-HEMI-TECH-ETCH,103458
FS-HEMI-TECH-PLATING,103379
FS-HEMI-TECH-PLATING,103616
FS-HEMI-TECH-LAM,100086
FS-HEMI-TECH-LAM,103841
FS-HEMI-TECH-DRILL,103549
FS-HEMI-TECH-DRILL,103568
DOC_ACC_SHOP_LEAD,103519
ARG_INV_HTR,103351
DOC_ACC_MTRL_MNG,103351
DOC_ACC_SHOP_LEAD,103351
DOC_ACC_SHOP_LEAD,103920
DOC_ACC_SHOP_LEAD,103924
DOC_ACC_SHOP_FLR_SUP,100120
DOC_ACC_SHOP_FLR_SUP,102735
DOC_ACC_SHOP_LEAD,103923
DOC_ACC_SHOP_LEAD,103928
DOC_ACC_SHOP_LEAD,103929
ARG_HEMI_TSCS,103930
DOC_ACC_ITAR,103353
ARG_HTR_PROD_SUP,103352
TRAIN_MANUF_HEATERS,103352
TS_MFG_TECHS,103377
DOC_ACC_ITAR,103721
FS-HEMI-TECH-DRILL,103419
DOC_ACC_ENG,103419
DOC_ACC_SHOP_LEAD,103954
DOC_ACC_R&D,103945
DOC_ACC_ITAR,103557
DOC_ACC_SHOP_LEAD,103957
DOC_ACC_SHOP_LEAD,103972
DOC_ACC_DOC_COORD,100259
DOC_ACC_ITAR,100842
DOC_ACC_SHOP_LEAD,103973
DOC_ACC_SHOP_FLR_SUP,103458
DOC_ACC_SALES,100745
ARG_HTR_PROD_SUP,103977
DOC_ACC_SHOP_FLR_SUP,103977
DOC_ACC_MTRL_MNG,103631
DOC_ACC_ITAR,103551
DOC_ACC_SHOP_LEAD,110499
DOC_ACC_SHOP_LEAD,103352
DOC_ACC_ITAR,100251
DOC_ACC_ITAR,100031
DOC_ACC_SHOP_LEAD,WC1605
DOC_ACC_SHOP_FLR_SUP,103144
DOC_ACC_ITAR,100822
DOC_ACC_SHOP_LEAD,WC1610
DOC_ACC_SHOP_LEAD,103204
DOC_ACC_SHOP_LEAD,130035
DOC_ACC_SHOP_LEAD,130037
DOC_ACC_SHOP_LEAD,110501
DOC_ACC_SHOP_LEAD,103397
DOC_ACC_SHOP_LEAD,110506
DOC_ACC_SHOP_LEAD,103497
DOC_ACC_SHOP_LEAD,110536
DOC_ACC_SHOP_LEAD,103809
ARG_ECO_TSCS_HEMI,100060
DOC_ACC_SHOP_LEAD,130016
DOC_ACC_SHOP_LEAD,103432
DOC_ACC_SHOP_LEAD,110584
DOC_ACC_SHOP_LEAD,103658
DOC_ACC_SHOP_LEAD,103661
DOC_ACC_SHOP_LEAD,103597
DOC_ACC_SHOP_LEAD,103599
DOC_ACC_SHOP_LEAD,103551
DOC_ACC_ITAR,103352
DOC_ACC_SHOP_LEAD,103618
DOC_ACC_SHOP_LEAD,103615
DOC_ACC_SHOP_LEAD,103428
DOC_ACC_ITAR,103028
DOC_ACC_ITAR,103606
DOC_ACC_SHOP_LEAD,103660
DOC_ACC_ENG_SUP,103424
DOC_ACC_SHOP_LEAD,103674
DOC_ACC_SHOP_LEAD,103704
DOC_ACC_SHOP_LEAD,103702
DOC_ACC_INSP,103707
DOC_ACC_ITAR,103706
FS-HEMI-TECH-GA,103455
ARG_HEMI_TS,103022
ARG_HEMI_TS,103140
ARG_HEMI_TSCS,100309
ARG_HEMI_TSCS,100624
ARG_HEMI_FLEX,103587
ARG_HEMI_FLEX,100085
DOC_ACC_SHOP_LEAD,WC5125
ARG_ECO_TSCS_HEMI,100068
ARG_ECO_TSCS_HEMI,100309
ARG_ECO_TSCS_HEMI,100624
ARG_ECO_TSCS_HEMI,100639
ARG_ECO_TSCS_HEMI,100690
ARG_ECO_TSCS_HEMI,103385
ARG_ECO_TSCS_HEMI,103395
ARG_ECO_TSCS_HEMI,103511
DOC_ACC_SHOP_LEAD,103836
DOC_ACC_SHOP_LEAD,103840
DOC_ACC_SHOP_LEAD,103839
DOC_ACC_AR,103847
DOC_ACC_SHOP_LEAD,103883
FS-HEMI-TECH-LAM,103551
DOC_ACC_QA_ENG,103385
ARG_TECH_WRITERS,100179
DOC_ACC_SHOP_LEAD,104005
DOC_ACC_SHOP_LEAD,104006
DOC_ACC_SHOP_LEAD,103870
DOC_ACC_SHOP_LEAD,103871
DOC_ACC_SHOP_LEAD,103899
DOC_ACC_SHOP_LEAD,103900
DOC_ACC_ENG,100604
DOC_ACC_ENG,103377
DOC_ACC_SHOP_LEAD,103377
HEMI_TECHS,103377
ARG_HEMI_TSCS,103880
DOC_ACC_SHOP_LEAD,103939
DOC_ACC_SHOP_LEAD,103940
DOC_ACC_SHOP_LEAD,103941
DOC_ACC_SHOP_LEAD,103942
DOC_ACC_ITAR,102283
DOC_ACC_ITAR,103925
DOC_ACC_ITAR,103886
DOC_ACC_SHOP_LEAD,103087
DOC_ACC_SHOP_LEAD,103953
ARG_PURCHASE,103953
DOC_ACC_ENV_CERT,103953
DOC_ACC_ITAR,103953
DOC_ACC_MNGR,103953
DOC_ACC_MTRL_MNG,103953
DOC_ACC_SHOP_LEAD,103991
DOC_ACC_IT,103437
DOC_ACC_SHOP_LEAD,104001
DOC_ACC_SHOP_LEAD,104000
DOC_ACC_SHOP_LEAD,103996
ARG_HEMI_OPS_TS,103428
DOC_ACC_SHOP_LEAD,104003
FS-HEMI-MFG-TECH,103379
FS-HEMI-MFG-TECH,100105
DOC_ACC_ENG_SUP,103177
DOC_ACC_ENG,100462
DOC_ACC_QA_ENG,103406
DOC_ACC_ITAR,103772
DOC_ACC_SHOP_LEAD,104023
DOC_ACC_SHOP_LEAD,104024
DOC_ACC_SHOP_LEAD,104025
DOC_ACC_SHOP_LEAD,104026
DOC_ACC_SHOP_FLR_SUP,104028
DOC_ACC_SHOP_LEAD,104032
ARG_SQE,103408
DOC_ACC_SHOP_LEAD,104039
DOC_ACC_SHOP_LEAD,103746
DOC_ACC_SHOP_LEAD,104042
DOC_ACC_ENG_SUP,103952
DOC_ACC_SHOP_LEAD,103952
TS_MFG_TECHS,103952
DOC_ACC_SHOP_FLR_SUP,100942
DOC_ACC_INSP,WC1610
DOC_ACC_SHOP_LEAD,130032
ARG_TSCS_ECO_MTL,100386
ARG_TSCS_ECO_MTL,100541
DOC_ACC_ENG_SUP,103551
FS-HEMI-TECH-GA,103551
DOC_ACC_ENG,100027
DOC_ACC_SHOP_LEAD,103400
DOC_ACC_MTRL_MNG,100226
DOC_ACC_FINANCE,103308
DOC_ACC_ENG,102519
ARG_TRADE_COMPLIANCE,100177
ARG_TRADE_COMPLIANCE,100574
DOC_ACC_HR,103328
DOC_ACC_SHOP_LEAD,103933
DOC_ACC_ENG,120100
DOC_ACC_SHOP_LEAD,103270
DOC_ACC_SHOP_LEAD,130028
DOC_ACC_SHOP_LEAD,110496
DOC_ACC_SHOP_LEAD,103407
DOC_ACC_ITAR,103402
DOC_ACC_SHOP_LEAD,110522
DOC_ACC_SHOP_LEAD,130043
DOC_ACC_SHOP_LEAD,103201
DOC_ACC_SHOP_LEAD,110530
DOC_ACC_SALES,103423
DOC_ACC_SHOP_LEAD,110560
DOC_ACC_SHOP_LEAD,110542
DOC_ACC_SHOP_LEAD,110551
FLEX_DESIGN,103446
DOC_ACC_SHOP_LEAD,130045
DOC_ACC_SHOP_LEAD,130042
DOC_ACC_MTRL_MNG,110626
DOC_ACC_ENG,100086
DOC_ACC_ENG_SUP,103521
DOC_ACC_QA_ENG,103676
DOC_ACC_SHOP_LEAD,103568
DOC_ACC_SHOP_LEAD,103578
DOC_ACC_ENG_SUP,103268
DOC_ACC_SHOP_LEAD,103653
DOC_ACC_QA_ENG,103655
DOC_ACC_IT,103688
DOC_ACC_ENG,103684
DOC_ACC_SHOP_LEAD,103715
DOC_ACC_SHOP_LEAD,103788
DOC_ACC_SHOP_LEAD,103722
DOC_ACC_SHOP_LEAD,103723
DOC_ACC_SHOP_LEAD,103725
DOC_ACC_SHOP_LEAD,103770
DOC_ACC_SHOP_LEAD,103841
DOC_ACC_SHOP_LEAD,100742
DOC_ACC_SHOP_LEAD,103822
DOC_ACC_SHOP_LEAD,103849
ARG_FAI,103028
ARG_FAI,103406
DOC_ACC_ITAR,103889
DOC_ACC_SHOP_LEAD,130044
HEMI_TECHS,130044
DOC_ACC_SHOP_LEAD,103946
FLEX_DESIGN,100369
FLEX PRODUCT DESIGN,103309
DOC_ACC_SHOP_LEAD,103955
DOC_ACC_QA_ENG,103834
FS-HEMI-TECH-GA,100871
DOC_ACC_SHOP_LEAD,100871
DOC_ACC_DELIVERY,103988
DOC_ACC_TRAINING,100013
DOC_ACC_TRAINING,100836
DOC_ACC_TRAINING,100908
DOC_ACC_TRAINING,103019
DOC_ACC_TRAINING,103381
DOC_ACC_TRAINING,103889
ARG_HEMI_OPS_TS,103831
DOC_ACC_SHOP_LEAD,104031
ARG_HTR_PROD_SUP,103831
DOC_ACC_ITAR,103831
DOC_ACC_SHOP_FLR_SUP,103831
DOC_ACC_PLN,103953
ARG_TSCS_ECO_MTL,100754
DOC_ACC_SHOP_FLR_SUP,103317
DOC_ACC_SHOP_LEAD,130053
DOC_ACC_SHOP_LEAD,103784
DOC_ACC_PLN,100487
DOC_ACC_SHOP_LEAD,102146
DOC_ACC_QA_ENG,100698
DOC_ACC_QA_ENG,100181
DOC_ACC_SHOP_LEAD,102550
DOC_ACC_SHOP_LEAD,103357
DOC_ACC_SHOP_LEAD,103786
DOC_ACC_SHOP_LEAD,103346
DOC_ACC_SHOP_LEAD,130003
DOC_ACC_SHOP_LEAD,130024
DOC_ACC_SHOP_LEAD,103490
DOC_ACC_HR,103387
DOC_ACC_SHOP_LEAD,130038
DOC_ACC_SHOP_LEAD,110511
DOC_ACC_ENG_SUP,103404
HEMI_TECHS,103551
ARG_PLAN_FLX,100205
ARG_INV_HTR,103274
DOC_ACC_SHOP_LEAD,104013
DOC_ACC_SHOP_LEAD,110545
DOC_ACC_SALES,103431
DOC_ACC_SHOP_LEAD,110563
DOC_ACC_SHOP_LEAD,110574
ARG_SNSR_COREPRODUCT,100060
ARG_SNSR_COREPRODUCT,100573
DOC_ACC_SHOP_LEAD,110601
DOC_ACC_SHOP_LEAD,110603
ARG_HTR_ENG_DFT,103077
DOC_ACC_SHOP_LEAD,103536
DOC_ACC_SHOP_LEAD,103533
DOC_ACC_SHOP_LEAD,103535
DOC_ACC_SHOP_LEAD,120115
DOC_ACC_ITAR,100740
DOC_ACC_SHOP_LEAD,110624
DOC_ACC_ENG,103538
DOC_ACC_SHOP_LEAD,110628
DOC_ACC_SHOP_LEAD,110630
DOC_ACC_SHOP_LEAD,103642
DOC_ACC_SHOP_LEAD,103643
DOC_ACC_SHOP_LEAD,103644
DOC_ACC_SHOP_LEAD,103646
DOC_ACC_ITAR,103424
DOC_ACC_ITAR,103368
DOC_ACC_ENG,120097
DOC_ACC_FINANCE,110403
DOC_ACC_ACCTS_PAY,DIDIERCAUSSANEL1
DOC_ACC_ACCTS_PAY,120044
DOC_ACC_ENG_SUP,100690
DOC_ACC_ENG_SUP,103357
DOC_ACC_ENG,100690
DOC_ACC_ITAR,100282
DOC_ACC_SHOP_LEAD,100741
DOC_ACC_MTRL_MNG,102358
DOC_ACC_SHOP_LEAD,110497
DOC_ACC_SHOP_LEAD,110498
DOC_ACC_ENG_SUP,130034
DOC_ACC_SHOP_LEAD,100307
DOC_ACC_SHOP_LEAD,110513
DOC_ACC_SHOP_LEAD,110566
DOC_ACC_SHOP_LEAD,110550
DOC_ACC_SHOP_LEAD,103437
DOC_ACC_SHOP_LEAD,103441
DOC_ACC_SHOP_LEAD,103452
DOC_ACC_SHOP_LEAD,130051
DOC_ACC_SALES,100177
DOC_ACC_PLN,100100
DOC_ACC_SHOP_LEAD,103541
DOC_ACC_SHOP_LEAD,103545
DOC_ACC_SHOP_LEAD,103542
DOC_ACC_SALES,103544
DOC_ACC_SHOP_LEAD,103581
DOC_ACC_SHOP_LEAD,103570
DOC_ACC_SHOP_LEAD,103567
DOC_ACC_SHOP_LEAD,103616
DOC_ACC_ENG,103621
DOC_ACC_ENG,103189
DOC_ACC_ITAR,103655
DOC_ACC_ITAR,103071
TRAIN_MARKETING,100104
DOC_ACC_SHOP_LEAD,103774
ARG_FLEX_SALES,100104
DOC_ACC_SHOP_LEAD,103773
DOC_ACC_SHOP_LEAD,103800
DOC_ACC_SHOP_LEAD,103804
DOC_ACC_SHOP_LEAD,103805
TRAIN_QA,103834
TS_MFG_TECHS,100552
HEMI_TECHS,103424
HEMI_TECHS,100105
HEMI_TECHS,103549
HEMI_TECHS,103455
HEMI_TECHS,100907
HEMI_TECHS,100144
DOC_ACC_SHOP_LEAD,103998
HEMI_TECHS,103087
DOC_ACC_SHOP_LEAD,103999
HEMI_TECHS,100162
HEMI_TECHS,102519
HEMI_TECHS,103204
HEMI_TECHS,100552
HEMI_TECHS,103242
HEMI_TECHS,100911
HEMI_TECHS,103120
HEMI_TECHS,100731
DOC_ACC_SHOP_FLR_SUP,103455
FLEX_SHOPFLOOR_SUPS,103455
DOC_ACC_ENG,103165
DOC_ACC_ENG,103378
DOC_ACC_SHOP_LEAD,104043
DOC_ACC_SHOP_LEAD,103833
DOC_ACC_SHOP_LEAD,103862
DOC_ACC_SHOP_LEAD,103863
DOC_ACC_SHOP_LEAD,103864
DOC_ACC_SHOP_LEAD,103865
DOC_ACC_SHOP_LEAD,103891
DOC_ACC_SHOP_LEAD,110001
DOC_ACC_ITAR,100623
DOC_ACC_ITAR,100942
DOC_ACC_SHOP_LEAD,104015
DOC_ACC_SHOP_LEAD,104016
DOC_ACC_SHOP_LEAD,104018
DOC_ACC_SHOP_LEAD,104019
DOC_ACC_SHOP_LEAD,104020
LIBRARIAN,100745
ARG_TRADE_COMPLIANCE,103150
DOC_ACC_CONT_MGT,103150
DOC_ACC_SHOP_FLR_SUP,103615
DOC_ACC_SHOP_LEAD,103667
DOC_ACC_MTRL_MNG,120087
DOC_ACC_SALES,1016
DOC_ACC_SHOP_LEAD,100083
DOC_ACC_SHOP_LEAD,103741
ARG_RMA_MTL,100307
ARG_RMA_MTL,100494
DOC_ACC_QA_ENG,100355
DOC_ACC_ITAR,103188
DOC_ACC_FGCOORD,100107
DOC_ACC_ITAR,103202
LIBRARIAN,103587
ARG_HTR_PROD_SUP,100908
ARG_HTR_PROD_SUP,100865
DOC_ACC_SHOP_LEAD,103739
ARG_HTR3_ENG_COORD,100259
DOC_ACC_SALES,120096
DOC_ACC_ENG_SUP,100339
DOC_ACC_ENG_SUP,100382
DOC_ACC_SHOP_LEAD,100386
DOC_ACC_ENG,SITINGCHEW1
DOC_ACC_ITAR,100234
DOC_ACC_SHOP_LEAD,100907
DOC_ACC_SHOP_LEAD,100144
DOC_ACC_SHOP_LEAD,100551
ARG_FINANCE_AP,100145
DOC_ACC_INSP,103077
ARG_SNRS_LAMINATED,100409
ARG_QA_HTR,100265
DOC_ACC_SHOP_LEAD,103799
DOC_ACC_SHOP_LEAD,102408
DOC_ACC_ITAR,100265
DOC_ACC_SHOP_LEAD,103884
DOC_ACC_SHOP_LEAD,103887
DOC_ACC_ENG_SUP,102387
DOC_ACC_SHOP_LEAD,103912
DOC_ACC_MTRL_MNG,103078
DOC_ACC_MTRL_MNG,100520
ARG_INV_HTR,103892
DOC_ACC_SALES,103013
DOC_ACC_MTRL_MNG,100968
DOC_ACC_ENG,103104
DOC_ACC_SHOP_LEAD,103950
DOC_ACC_SHOP_LEAD,WC3230
DOC_ACC_ENG_SUP,103020
DOC_ACC_SHOP_LEAD,WC3181
DOC_ACC_SHOP_LEAD,103529
DOC_ACC_SHOP_LEAD,103961
DOC_ACC_ITAR,100169
DOC_ACC_ITAR,100177
DOC_ACC_ITAR,100218
DOC_ACC_ITAR,100606
DOC_ACC_ITAR,100755
DOC_ACC_ITAR,100866
DOC_ACC_ITAR,102500
DOC_ACC_ITAR,102522
DOC_ACC_ITAR,102537
DOC_ACC_ITAR,102571
DOC_ACC_ITAR,102689
DOC_ACC_ITAR,102716
FS-HEMI-TECH-DRILL,103463
DOC_ACC_SHOP_LEAD,WC3200
DOC_ACC_ITAR,100187
DOC_ACC_ITAR,100806
DOC_ACC_ITAR,100386
DOC_ACC_ITAR,103273
DOC_ACC_ITAR,103083
DOC_ACC_ITAR,100033
DOC_ACC_SHOP_LEAD,103504
DOC_ACC_SHOP_LEAD,103047
LIBRARIAN,100179
DOC_ACC_SALES,103517
DOC_ACC_MNGR_GENERAL,100699
DOC_ACC_IT,100203
ARG_HTR_PMD_QUOTE,100566
ARG_HTR_PMD_QUOTE,100485
MAT_MGT_1,100527
DOC_ACC_DOC_COORD,100309
ARG_HTR2_ENG_COORD,100485
DOC_ACC_ENG,100246
DOC_ACC_ITAR,100043
DOC_ACC_ENG,100331
DOC_ACC_ITAR,100066
DOC_ACC_ITAR,100085
DOC_ACC_SHOP_LEAD,103734
DOC_ACC_ENG,100483
DOC_ACC_SHOP_LEAD,103539
DOC_ACC_ENG,100566
DOC_ACC_ENG,100573
DOC_ACC_SHOP_LEAD,100781
HTR MFG K/T,100210
DOC_ACC_ENG,100634
DOC_ACC_ITAR,100092
DOC_ACC_ITAR,100136
ARG_SNRS_INSTRUMENTS,100624
DOC_ACC_SHOP_LEAD,WC1420
DOC_ACC_ITAR,100137
DOC_ACC_ITAR,100179
DOC_ACC_SHOP_LEAD,102387
DOC_ACC_ENG,100825
DOC_ACC_SHOP_LEAD,103579
DOC_ACC_ITAR,100238
DOC_ACC_SALES,SITINGCHEW1
DOC_ACC_ENG_SUP,100043
DOC_ACC_ENG_SUP,100137
DOC_ACC_SHOP_LEAD,103764
DOC_ACC_ITAR,100259
DOC_ACC_ITAR,100304
DOC_ACC_SHOP_LEAD,103762
DOC_ACC_SHOP_LEAD,103763
DOC_ACC_SALES,103017
DOC_ACC_ENG_SUP,100437
DOC_ACC_ENG_SUP,100468
DOC_ACC_MARKETING,103759
DOC_ACC_SHOP_LEAD,103782
DOC_ACC_ENG_SUP,100584
DOC_ACC_SHOP_LEAD,103783
DOC_ACC_ITAR,100382
DOC_ACC_ENV_CERT,103517
DOC_ACC_ENV_CERT,100698
DOC_ACC_ITAR,100398
DOC_ACC_ENG,100459
DOC_ACC_ENG_SUP,100868
DOC_ACC_ITAR,100432
DOC_ACC_MNGR,100283
DOC_ACC_ITAR,100468
DOC_ACC_ITAR,100485
DOC_ACC_MNGR,100331
DOC_ACC_ITAR,102602
DOC_ACC_ITAR,102656
DOC_ACC_FINANCE,103847
DOC_ACC_ITAR,100567
DOC_ACC_IT,100459
DOC_ACC_FGCOORD,100227
DOC_ACC_FGCOORD,100776
DOC_ACC_MNGR,100033
DOC_ACC_PLN,100623
DOC_ACC_SALES,103068
DOC_ACC_AR,100253
DOC_ACC_HR,103685
DOC_ACC_ENG_SUP,100085
ARG_QA_ADMIN,103491
DOC_ACC_SHOP_LEAD,100025
DOC_ACC_MTRL_MNG,120048
DOC_ACC_SHOP_LEAD,103709
ARG_FLX_DEM,100369
DOC_ACC_SHOP_LEAD,103708
DOC_ACC_INSP,100227
DOC_ACC_ENG,103716
DOC_ACC_EXT,102322
DOC_ACC_FINANCE,TAXAUDITUSER
DOC_ACC_SHOP_LEAD,103717
DOC_ACC_DELIVERY,100083
DOC_ACC_SHOP_LEAD,103743
DOC_ACC_SHOP_LEAD,102342
DOC_ACC_FINANCE,100033
DOC_ACC_FINANCE,100145
DOC_ACC_FINANCE,100253
DOC_ACC_SHOP_LEAD,130029
DOC_ACC_SHOP_LEAD,110502
DOC_ACC_SHOP_LEAD,130018
DOC_ACC_ENG,103401
DOC_ACC_SHOP_LEAD,110508
TS_MFG_TECHS,100911
TS_MFG_TECHS,103204
TS_MFG_TECHS,103034
DOC_ACC_ITAR,102429
DOC_ACC_SHOP_LEAD,110517
ARG_MRKT_SALES,100059
DOC_ACC_SHOP_LEAD,103412
DOC_ACC_SHOP_LEAD,110533
DOC_ACC_SHOP_LEAD,110540
DOC_ACC_SHOP_LEAD,103426
DOC_ACC_SHOP_LEAD,103467
DOC_ACC_SHOP_LEAD,103465
DOC_ACC_SHOP_LEAD,110578
DOC_ACC_SHOP_LEAD,110580
DOC_ACC_SHOP_LEAD,103481
DOC_ACC_SHOP_LEAD,103483
DOC_ACC_SHOP_LEAD,103480
DOC_ACC_SHOP_LEAD,103471
DOC_ACC_SHOP_LEAD,110585
DOC_ACC_SHOP_LEAD,110588
DOC_ACC_SHOP_LEAD,110592
DOC_ACC_SHOP_LEAD,103500
DOC_ACC_SHOP_LEAD,130041
DOC_ACC_CONT_MGT,100574
DOC_ACC_MTRL_MNG,110607
DOC_ACC_ITAR,103538
DOC_ACC_ITAR,103572
DOC_ACC_ENG,120118
DOC_ACC_SHOP_LEAD,103585
DOC_ACC_QA_ENG,103611
DOC_ACC_ITAR,103633
DOC_ACC_SHOP_LEAD,103071
DOC_ACC_MINCO_SA,120104
DOC_ACC_SHOP_LEAD,103675
DOC_ACC_SHOP_LEAD,103687
DOC_ACC_ITAR,103650
DOC_ACC_SHOP_LEAD,103698
DOC_ACC_SHOP_LEAD,103696
ARG_TRADE_COMPLIANCE,120096
DOC_ACC_SHOP_LEAD,103294
DOC_ACC_ENG,100304
DOC_ACC_ENG,103375
DOC_ACC_PLN,100282
DOC_ACC_SHOP_LEAD,103716
DOC_ACC_SHOP_LEAD,100013
DOC_ACC_ITAR,103165
DOC_ACC_SHOP_LEAD,103034
DOC_ACC_SHOP_LEAD,103416
DOC_ACC_SALES,103409
DOC_ACC_QA_ENG,100740
DOC_ACC_ENG,103242
DOC_ACC_ITAR,103242
DOC_ACC_SHOP_LEAD,120111
DOC_ACC_SHOP_LEAD,103449
DOC_ACC_SHOP_LEAD,103450
DOC_ACC_FINANCE,102228
DOC_ACC_SHOP_LEAD,103493
DOC_ACC_SHOP_LEAD,110583
DOC_ACC_SHOP_LEAD,130034
DOC_ACC_SHOP_LEAD,130047
DOC_ACC_SHOP_LEAD,110600
DOC_ACC_SHOP_LEAD,110634
DOC_ACC_ITAR,103603
ARG_PURCHASE,103078
ARG_PURCHASE,100527
ARG_PURCHASE,103040
DOC_ACC_SHOP_LEAD,103636
DOC_ACC_SHOP_LEAD,103634
DOC_ACC_QA_ENG,103631
DOC_ACC_ENG,103633
DOC_ACC_SHOP_LEAD,103639
DOC_ACC_ITAR,103726
DOC_ACC_ENG,105004
DOC_ACC_SHOP_LEAD,103712
DOC_ACC_SHOP_LEAD,103684
DOC_ACC_SHOP_LEAD,103625
DOC_ACC_ENG,103752
DOC_ACC_SHOP_LEAD,103750
ARG_FRANCE_ENG,105006
ARG_PLAN_HTR,103593
DOC_ACC_PLN,100942
DOC_ACC_SHOP_LEAD,103818
ARG_HEMI_TS,103538
DOC_ACC_SHOP_LEAD,103830
DOC_ACC_SHOP_LEAD,103829
ARG_HTR2_ENG_COORD,103368
DOC_ACC_SHOP_LEAD,103844
DOC_ACC_SHOP_LEAD,103846
DOC_ACC_SHOP_LEAD,103853
DOC_ACC_SHOP_LEAD,103855
DOC_ACC_SHOP_LEAD,103851
DOC_ACC_SHOP_LEAD,103866
DOC_ACC_SHOP_LEAD,103869
DOC_ACC_SHOP_LEAD,103873
DOC_ACC_SHOP_LEAD,103874
DOC_ACC_SHOP_LEAD,103877
DOC_ACC_MTRL_MNG,105007
DOC_ACC_SHOP_LEAD,103875
DOC_ACC_SHOP_LEAD,103882
HEMI_TECHS,100432
ARG_FAI,103491
DOC_ACC_MNGR,103889
DOC_ACC_SALES,103886
DOC_ACC_ITAR,103456
DOC_ACC_SALES,1020
ARG_MCC,100745
DOC_ACC_MTRL_MNG,103207
LIBRARIAN,100259
DOC_ACC_ITAR,103113
DOC_ACC_SHOP_LEAD,110492
DOC_ACC_SALES,103394
DOC_ACC_SHOP_LEAD,103391
DOC_ACC_ITAR,103107
ARG_SNSR_COREPRODUCT,103232
DOC_ACC_SHOP_LEAD,110537
DOC_ACC_SHOP_LEAD,103815
DOC_ACC_SHOP_LEAD,110557
DOC_ACC_ITAR,103229
DOC_ACC_ITAR,103120
DOC_ACC_SHOP_LEAD,110596
DOC_ACC_SHOP_LEAD,110597
DOC_ACC_ENG,103508
DOC_ACC_ENG,103504
DOC_ACC_ENG,103509
DOC_ACC_SHOP_LEAD,103530
DOC_ACC_SHOP_LEAD,103531
DOC_ACC_SHOP_LEAD,103548
DOC_ACC_SHOP_LEAD,103552
DOC_ACC_SHOP_LEAD,103554
DOC_ACC_SHOP_LEAD,103557
DOC_ACC_INSP,100842
DOC_ACC_SHOP_LEAD,103664
DOC_ACC_ITAR,100011
DOC_ACC_IT,103584
DOC_ACC_SHOP_LEAD,103757
DOC_ACC_ENG,103754
DOC_ACC_ENG,103751
ARG_INV_HTR,103519
DOC_ACC_SHOP_LEAD,103817
DOC_ACC_ITAR,103755
ARG_FLX_DEM,103753
DOC_ACC_ITAR,103753
DOC_ACC_ITAR,103751
DOC_ACC_QA_ENG,103749
DOC_ACC_SHOP_LEAD,103857
ARG_FAI,100934
DOC_ACC_QA_ENG,103184
DOC_ACC_ENG,103706
TS_MFG_TECHS,103428
TS_MFG_TECHS,103242
FLEX-PROD-TECH,103419
HEMI_TECHS,103419
DOC_ACC_HR,103938
DOC_ACC_PLT_SVC,103943
DOC_ACC_ITAR,103335
HEMI_TECHS,103071
DOC_ACC_SHOP_LEAD,103959
DOC_ACC_ITAR,103956
DOC_ACC_SHOP_LEAD,103974
DOC_ACC_ITAR,100604
DOC_ACC_SHOP_LEAD,103976
DOC_ACC_ITAR,103977
DOC_ACC_ITAR,103631
DOC_ACC_ENG,103551
DOC_ACC_SHOP_FLR_SUP,103113
ARG_PLAN_HTR,100100
DOC_ACC_ITAR,103194
HEMI_TECHS,103114
DOC_ACC_ITAR,100933
FLEX_SHOPFLOOR_SUPS,103334
FLEX_SHOPFLOOR_SUPS,103344
ARG_FRANCE_ENG,120100
DOC_ACC_SHOP_LEAD,110500
ARG_FLX_DFT,103189
DOC_ACC_SHOP_LEAD,110507
DOC_ACC_SHOP_LEAD,103659
DOC_ACC_SHOP_LEAD,110541
ARG_ECO_TSCS_HEMI,100043
DOC_ACC_SHOP_LEAD,110547
DOC_ACC_SHOP_LEAD,110571
FLEX-PROD-TECH,103455
DOC_ACC_SHOP_LEAD,110635
DOC_ACC_SHOP_LEAD,103598
DOC_ACC_SHOP_LEAD,103600
DOC_ACC_SHOP_LEAD,103613
DOC_ACC_SHOP_LEAD,103617
DOC_ACC_SHOP_LEAD,103614
DOC_ACC_ITAR,103609
DOC_ACC_ITAR,103594
DOC_ACC_ITAR,103621
DOC_ACC_MTRL_MNG,103674
ARG_FINANCE_AR,100145
DOC_ACC_SHOP_LEAD,103703
DOC_ACC_SHOP_LEAD,103707
DOC_ACC_SHOP_LEAD,105004
ARG_HEMI_TS,100259
ARG_HEMI_TS,100246
ARG_HEMI_TSCS,103710
ARG_HEMI_TSCS,103232
ARG_HEMI_TSCS,100690
ARG_HEMI_FLEX,100468
ARG_HEMI_FLEX,103427
ARG_ECO_TSCS_HEMI,100304
ARG_ECO_TSCS_HEMI,100573
ARG_ECO_TSCS_HEMI,100634
ARG_ECO_TSCS_HEMI,103232
ARG_ECO_TSCS_HEMI,103386
ARG_ECO_TSCS_HEMI,103510
DOC_ACC_SHOP_LEAD,104002
ARG_HEMI_OPS_TS,103377
FS-HEMI-MFG-TECH,103551
DOC_ACC_ENG,103177
DOC_ACC_ENV_CERT,103177
HEMI_TECHS,100462
FS-HEMI-TECH-GA,103463
DOC_ACC_SHOP_LEAD,104027
DOC_ACC_SHOP_LEAD,104028
DOC_ACC_SHOP_LEAD,104030
ARG_SQE,103229
DOC_ACC_SHOP_LEAD,104037
DOC_ACC_SHOP_LEAD,104040
DOC_ACC_SHOP_LEAD,103624
DOC_ACC_ITAR,103952
HEMI_TECHS,103952
DOC_ACC_ENV_CERT,103551
DOC_ACC_ITAR,100754
DOC_ACC_ENG,103309
ARG_TSCS_ECO_MTL,100307
DOC_ACC_IT,102429
DOC_ACC_SHOP_FLR_SUP,103377
DOC_ACC_CLAUSE,100177
DOC_ACC_PLT_SVC,103307
DOC_ACC_PLT_SVC,103297
DOC_ACC_ITAR,103296
DOC_ACC_ENG_SUP,100836
DOC_ACC_SHOP_LEAD,103654
DOC_ACC_SHOP_LEAD,103793
DOC_ACC_QA_ENG,100387
DOC_ACC_SHOP_LEAD,103801
DOC_ACC_SALES,110039
DOC_ACC_MARKETING,100866
ARG_FINANCE_AR,100243
DOC_ACC_QA_ENG,100210
DOC_ACC_MTRL_MNG,100256
DOC_ACC_MTRL_MNG,100308
DOC_ACC_SHOP_FLR_SUP,103838
ARG_FLX_DEM,100104
ARG_FINANCE_AR,103847
DOC_ACC_MTRL_MNG,100772
DOC_ACC_ITAR,103001
DOC_ACC_ENG,120048
DOC_ACC_ITAR,103944
DOC_ACC_R&D,100136
DOC_ACC_ITAR,103011
DOC_ACC_R&D,100339
DOC_ACC_ITAR,103593
DOC_ACC_ITAR,103022
DOC_ACC_R&D,100746
DOC_ACC_SHOP_LEAD,103903
DOC_ACC_SHOP_LEAD,103908
DOC_ACC_ENG,103905
DOC_ACC_ITAR,103072
DOC_ACC_SALES,100172
DOC_ACC_SALES,100181
ARG_TRADE_COMPLIANCE,100059
DOC_ACC_SHOP_LEAD,103208
ARG_PLAN_FLX,100754
DOC_ACC_PLN,100754
DOC_ACC_SALES,103956
DOC_ACC_SHOP_LEAD,100001
DOC_ACC_MTRL_MNG,102702
DOC_ACC_SALES,100510
DOC_ACC_SHOP_LEAD,100889
FLX_PROTO_TECH,100868
DOC_ACC_SALES,100606
DOC_ACC_SALES,100169
DOC_ACC_SALES,100857
ARG_SNSR_NEWPRODUCT,100634
FLEX_SHOPFLOOR_SUPS,100934
ARG_SNSR_COREPRODUCT,100309
ARG_SNSR_COREPRODUCT,100639
DOC_ACC_ENG_SUP,102676
ARG_SNSR_COREPRODUCT,100624
ARG_SNSR_COREPRODUCT,100690
DOC_ACC_SHOP_LEAD,103915
DOC_ACC_SHOP_LEAD,WC2210
FLEX_DESIGN,100434
DOC_ACC_SALES,5822
DOC_ACC_SHOP_LEAD,WC2200
DOC_ACC_SHOP_LEAD,WC2195
DOC_ACC_SHOP_LEAD,100133
DOC_ACC_SHOP_LEAD,100373
DOC_ACC_SALES,103058
FLEX-PROD-TECH,100086
DOC_ACC_SHOP_LEAD,WC2190
DOC_ACC_SHOP_LEAD,WC2180
DOC_ACC_SHOP_FLR_SUP,100387
ARG_ENG_SPACE,103104
DOC_ACC_SHOP_LEAD,WC2155
DOC_ACC_SHOP_LEAD,WC2145
ARG_RCVG_INSP,100842
DOC_ACC_ITAR,100059
TRAIN_MANUF_FLEX,100853
ARG_ENG_SPACE,103142
TRAIN_MANUF_SEN/INS,100413
DOC_ACC_SHOP_LEAD,WC2110
ARG_ENG_SPACE,103632
TRAIN_DESIGN_ENG,100824
TRAIN_MATERIALS,100533
TRAIN_MATERIALS,100294
TRAIN_MATERIALS,100256
TRAIN_MATERIALS,100251
DOC_ACC_SHOP_LEAD,WC5110
DOC_ACC_SHOP_LEAD,104007
TRAIN_R&D,100746
DOC_ACC_SHOP_LEAD,WC3540
DOC_ACC_ITAR,100494
DOC_ACC_ITAR,103078
DOC_ACC_SHOP_LEAD,WC3370
DOC_ACC_ITAR,110111
DOC_ACC_SHOP_LEAD,WC3330
DOC_ACC_SHOP_LEAD,WC3300
DOC_ACC_SHOP_LEAD,WC3190
DOC_ACC_SHOP_LEAD,WC3160
DOC_ACC_SHOP_LEAD,WC3120
DOC_ACC_SHOP_LEAD,WC4300
ARG_HTR_PROD_SUP,103368
DOC_ACC_ENG,102648
DOC_ACC_DELIVERY,100061
DOC_ACC_SALES,102137
DOC_ACC_SHOP_LEAD,103368
ARG_PLAN_HTR,100251
DOC_ACC_ENG_SUP,100086
DOC_ACC_SHOP_LEAD,104010
DOC_ACC_SHOP_LEAD,104011
ARG_FLX_DFT,100468
ARG_FLX_DFT,100595
DOC_ACC_SHOP_LEAD,100740
DOC_ACC_SHOP_FLR_SUP,103463
DOC_ACC_SHOP_LEAD,WC4240
DOC_ACC_ENG_SUP,100551
DOC_ACC_SHOP_LEAD,WC1730
DOC_ACC_ENG,102647
DOC_ACC_SALES,1004
TRAIN_MANUF_ENG,100066
ARG_HTR_SR_QUOTE,100259
ARG_PLAN_TSCS,100357
ARG_PLAN_TSCS,100413
DOC_ACC_ENG,120063
DOC_ACC_SHOP_FLR_SUP,100604
DOC_ACC_MTRL_MNG,100214
DOC_ACC_SHOP_LEAD,103114
DOC_ACC_ENG,100529
ARG_QA_FLEX,103408
DOC_ACC_ITAR,100161
DOC_ACC_ITAR,100203
DOC_ACC_ITAR,100210
DOC_ACC_ITAR,100220
DOC_ACC_ITAR,100283
DOC_ACC_ITAR,100343
DOC_ACC_SHOP_LEAD,103143
DOC_ACC_ITAR,100434
DOC_ACC_ITAR,100459
DOC_ACC_ITAR,100486
DOC_ACC_ITAR,100543
DOC_ACC_ITAR,100566
DOC_ACC_ITAR,100597
DOC_ACC_ITAR,100624
DOC_ACC_ITAR,100657
DOC_ACC_ITAR,100686
DOC_ACC_ITAR,100745
DOC_ACC_ITAR,100825
DOC_ACC_ITAR,102057
DOC_ACC_IT,103398
DOC_ACC_ITAR,103118
DOC_ACC_ENG,102690
DOC_ACC_ITAR,100583
DOC_ACC_SHOP_LEAD,110510
DOC_ACC_ENG,120068
DOC_ACC_ITAR,103135
DOC_ACC_SHOP_LEAD,110568
DOC_ACC_SHOP_LEAD,110569
DOC_ACC_SALES,100698
DOC_ACC_DELIVERY,103405
DOC_ACC_ENG,103408
DOC_ACC_QA_ENG,103408
DOC_ACC_FINANCE,120108
ARG_FRANCE,102261
DOC_ACC_ENG,103273
FLEX PRODUCT DESIGN,103415
DOC_ACC_ENG,103415
DOC_ACC_ITAR,100584
ARG_PLAN_FLX,100580
DOC_ACC_SHOP_LEAD,110549
DOC_ACC_SALES,103188
DOC_ACC_SHOP_LEAD,103485
DOC_ACC_ENG,103232
DOC_ACC_SHOP_LEAD,120112
DOC_ACC_ITAR,103063
DOC_ACC_SHOP_LEAD,103236
DOC_ACC_ENG_SUP,103168
DOC_ACC_ITAR,103149
DOC_ACC_ENG,120088
DOC_ACC_ITAR,120068
DOC_ACC_ITAR,103117
DOC_ACC_ITAR,100639
DOC_ACC_ITAR,100807
DOC_ACC_ITAR,100846
DOC_ACC_ITAR,100909
DOC_ACC_ITAR,102676
DOC_ACC_ITAR,103008
DOC_ACC_ITAR,103024
DOC_ACC_QA_ENG,103456
DOC_ACC_SHOP_LEAD,103079
DOC_ACC_PLN,100580
ARG_SNSR_COREPRODUCT,100304
DOC_ACC_SHOP_LEAD,103502
DOC_ACC_PLT_SVC,103193
DOC_ACC_ITAR,100776
DOC_ACC_SHOP_LEAD,103168
FLEX_PLANNER,100580
DOC_ACC_MTRL_MNG,110300
DOC_ACC_SHOP_LEAD,103411
DOC_ACC_ITAR,100808
DOC_ACC_SALES,103150
DOC_ACC_SHOP_LEAD,103156
DOC_ACC_SHOP_LEAD,WC3450
DOC_ACC_ITAR,103509
DOC_ACC_SHOP_FLR_SUP,103140
DOC_ACC_ITAR,103156
DOC_ACC_ITAR,103239
ARG_LOGISTICS,100654
ARG_LOGISTICS,100294
DOC_ACC_ITAR,100256
DOC_ACC_SHOP_LEAD,110606
DOC_ACC_HR,103520
DOC_ACC_ENG,103204
DOC_ACC_ENG,100162
DOC_ACC_SHOP_LEAD,103243
DOC_ACC_SALES,120095
ARG_TRADE_COMPLIANCE,103517
DOC_ACC_SHOP_LEAD,103030
DOC_ACC_ITAR,102146
DOC_ACC_SHOP_LEAD,103528
DOC_ACC_SHOP_LEAD,103525
DOC_ACC_SHOP_LEAD,110620
DOC_ACC_QA_ENG,100214
DOC_ACC_SHOP_LEAD,103582
DOC_ACC_SHOP_LEAD,103576
DOC_ACC_MTRL_MNG,103028
DOC_ACC_SHOP_LEAD,103591
DOC_ACC_MTRL_MNG,103593
DOC_ACC_ENG,100911
DOC_ACC_SHOP_LEAD,103589
ARG_TSR_SA,103558
DOC_ACC_SHOP_LEAD,103601
DOC_ACC_SHOP_LEAD,103608
DOC_ACC_SHOP_LEAD,103335
DOC_ACC_SHOP_LEAD,103626
DOC_ACC_SHOP_LEAD,103628
DOC_ACC_SHOP_LEAD,103666
DOC_ACC_ENG,106001
DOC_ACC_SHOP_LEAD,103678
DOC_ACC_SHOP_LEAD,100355
DOC_ACC_ENG,103655
DOC_ACC_INSP,103501
TRAIN_QA,103655
ARG_FRANCE_ENG,120097
DOC_ACC_CONT_MGT,100177
DOC_ACC_ITAR,103027
ARG_TSCS_ECO_MTL,100413
DOC_ACC_PLT_SVC,103332
DOC_ACC_MTRL_MNG,103353
ARG_RCVG_INSP,100740
DOC_ACC_MNGR,103367
DOC_ACC_SALES,120106
DOC_ACC_SHOP_LEAD,103106
ARG_FRANCE_ENG,120104
ARG_ECO_SA,120104
DOC_ACC_EXT,120104
DOC_ACC_EXT,1005
DOC_ACC_ACCTS_PAY,103384
DOC_ACC_ENG,103386
DOC_ACC_SHOP_FLR_SUP,103346
DOC_ACC_SHOP_LEAD,104061
DOC_ACC_QA_ENG,104059
DOC_ACC_QA_ENG,104058
DOC_ACC_QA_ENG,104057
DOC_ACC_ENG,104051
DOC_ACC_SALES,103962
DOC_ACC_ENG,104066
DOC_ACC_ITAR,104066
DOC_ACC_MARKETING,104066
DOC_ACC_MNGR,104066
ARG_HEMI_FLEX,103753
LASER_TECHS,103428
LASER_TECHS,100519
LASER_TECHS,100162
LASER_TECHS,100911
LASER_TECHS,103120
LASER_TECHS,103242
LASER_TECHS,102519
LASER_TECHS,110285
LASER_TECHS,100086
LASER_TECHS,103424
LASER_TECHS,100551
DOC_ACC_ENG,104126
ARG_ECO_TSCS_HEMI,104126
ARG_SNSR_NEWPRODUCT,104126
DOC_ACC_ITAR,104126
DOC_ACC_ENG,103979
DOC_ACC_ENG_SUP,103979
DOC_ACC_ITAR,103979
DOC_ACC_PLN,100205
PUR_CLAUSE,100527
CON_CLAUSE,100177
TRADE_CLAUSE,103517
DOC_ACC_CLAUSE,103517
DOC_ACC_IT,103337
DOC_ACC_SHOP_LEAD,110595
DOC_ACC_ITAR,100690
DOC_ACC_FINANCE,103380
DOC_ACC_SHOP_LEAD,103396
DOC_ACC_SALES,103296
DOC_ACC_ITAR,103401
DOC_ACC_SHOP_LEAD,130015
DOC_ACC_SHOP_LEAD,103410
DOC_ACC_SHOP_LEAD,110525
FLEX_PLANNER,100205
DOC_ACC_MINCO_SA,120058
DOC_ACC_ENG_SUP,100435
DOC_ACC_SHOP_LEAD,110559
DOC_ACC_SHOP_LEAD,100678
ARG_LOGISTICS,110618
DOC_ACC_ENG,105000
DOC_ACC_ENG,103521
DOC_ACC_SHOP_LEAD,100086
DOC_ACC_ENG,1021
DOC_ACC_SHOP_LEAD,103577
DOC_ACC_ENG,103268
DOC_ACC_HR,103652
DOC_ACC_ENG,106000
DOC_ACC_ENG_SUP,103684
DOC_ACC_ITAR,103676
DOC_ACC_SHOP_LEAD,100839
DOC_ACC_SHOP_LEAD,103721
DOC_ACC_SHOP_LEAD,103724
DOC_ACC_HR,103729
DOC_ACC_SHOP_LEAD,103787
DOC_ACC_SHOP_LEAD,103812
DOC_ACC_SHOP_LEAD,103842
DOC_ACC_SHOP_LEAD,103848
ARG_FAI,103631
ARG_FAI,103609
DOC_ACC_ENG_SUP,130044
FLEX-PROD-TECH,103551
DOC_ACC_SHOP_LEAD,103936
FLEX PRODUCT DESIGN,103427
DOC_ACC_ENG,103404
DOC_ACC_PLT_SVC,103413
DOC_ACC_SALES,120109
DOC_ACC_SHOP_LEAD,110538
DOC_ACC_SHOP_LEAD,100440
DOC_ACC_SHOP_LEAD,110546
DOC_ACC_SHOP_LEAD,110556
DOC_ACC_ITAR,103489
DOC_ACC_ENG,103507
DOC_ACC_SHOP_LEAD,110602
DOC_ACC_ENG_SUP,102000
DOC_ACC_SHOP_LEAD,103537
DOC_ACC_SHOP_LEAD,120116
DOC_ACC_SHOP_LEAD,103448
DOC_ACC_ITAR,100214
DOC_ACC_SHOP_LEAD,110622
DOC_ACC_SHOP_LEAD,110627
DOC_ACC_SHOP_LEAD,110629
DOC_ACC_SHOP_LEAD,110631
DOC_ACC_SHOP_LEAD,103640
DOC_ACC_SHOP_LEAD,103641
DOC_ACC_ITAR,103759
DOC_ACC_SHOP_LEAD,104014
DOC_ACC_PLN,120100
ARG_FINANCE_COST,110403
DOC_ACC_ACCTS_PAY,120059
DOC_ACC_FINANCE,DIDIERCAUSSANEL1
DOC_ACC_SHOP_LEAD,103995
DOC_ACC_ITAR,103357
DOC_ACC_SHOP_LEAD,103990
DOC_ACC_MTRL_MNG,100765
DOC_ACC_SHOP_LEAD,130033
DOC_ACC_ITAR,103395
DOC_ACC_SHOP_LEAD,103453
DOC_ACC_SHOP_LEAD,103406
ARG_PSE_ISE,120110
DOC_ACC_PLN,103439
DOC_ACC_SHOP_LEAD,103440
DOC_ACC_SHOP_LEAD,103454
DOC_ACC_SHOP_LEAD,103491
DOC_ACC_ENG_SUP,103427
DOC_ACC_SHOP_LEAD,103543
DOC_ACC_SHOP_LEAD,103546
DOC_ACC_SHOP_LEAD,103540
DOC_ACC_SHOP_LEAD,103574
DOC_ACC_SHOP_LEAD,103569
DOC_ACC_SHOP_LEAD,103620
DOC_ACC_SHOP_LEAD,103623
DOC_ACC_ENG,100595
DOC_ACC_ITAR,103684
DOC_ACC_SHOP_LEAD,103695
DOC_ACC_SHOP_LEAD,103714
DOC_ACC_ENG,103748
ARG_SNSR_COREPRODUCT,103510
DOC_ACC_SHOP_LEAD,103802
DOC_ACC_SHOP_LEAD,103806
DOC_ACC_SHOP_LEAD,103834
HEMI_TECHS,100868
HEMI_TECHS,100551
HEMI_TECHS,100086
DOC_ACC_SHOP_LEAD,103997
HEMI_TECHS,110285
HEMI_TECHS,100808
DOC_ACC_ITAR,103930
HEMI_TECHS,110101
HEMI_TECHS,100025
HEMI_TECHS,100011
HEMI_TECHS,103034
HEMI_TECHS,100519
DOC_ACC_ENG,104053
DOC_ACC_ENG,104052
DOC_ACC_ENG,104050
DOC_ACC_ENG,104060
DOC_ACC_ENG,104056
DOC_ACC_ENG,104055
DOC_ACC_ENG,104054
DOC_ACC_QA_ADMIN,100179
ARG_SNSR_COREPRODUCT,103752
DOC_ACC_ITAR,103923
DOC_ACC_ITAR,104048
DOC_ACC_ITAR,104055
DOC_ACC_SALES,104071
ARG_PURCHASE,104067
ARG_RMA_MTL,104067
DOC_ACC_ENV_CERT,104067
DOC_ACC_ITAR,104067
DOC_ACC_MTRL_MNG,104067
DOC_ACC_SALES,105010
DOC_ACC_ITAR,104051
DOC_ACC_ITAR,104058
DOC_ACC_ITAR,104057
DOC_ACC_ITAR,104059
DOC_ACC_ENG,103463
DOC_ACC_ENG_SUP,103463
DOC_ACC_ENV_CERT,103463
DOC_ACC_ITAR,103463
FLEX-PROD-TECH,103463
FS-HEMI-MFG-TECH,103463
FS-HEMI-TECH-LAM,103463
HEMI_TECHS,103463
DOC_ACC_ENG,103020
DOC_ACC_SHOP_LEAD,103091
ARG_PLAN_FLX,100100
FLEX_PLANNER,100100
LIBRARIAN,130034
DOC_ACC_SHOP_LEAD,103433
FS-HEMI-TECH-DRILL,103433
DOC_ACC_INSP,104112
DOC_ACC_ITAR,104112
DOC_ACC_SHOP_FLR_SUP,104112
DOC_ACC_SHOP_LEAD,104112
ARG_SNSR_NEWPRODUCT,103386
ARG_SNSR_NEWPRODUCT,100172
DOC_ACC_PLN,100654
ARG_INV_HTR,103574
DOC_ACC_MTRL_MNG,103574
DOC_ACC_ENG_SUP,100513
DOC_ACC_ITAR,100513
DOC_ACC_SHOP_LEAD,100513
FLX_PROTO_TECH,100513
HEMI_TECHS,100513
LASER_TECHS,100513
DOC_ACC_MTRL_MNG,104130
DOC_ACC_SHOP_LEAD,104130
ARG_SQE,104058
DOC_ACC_IT,104048
DOC_ACC_ENG,104061
DOC_ACC_ENG_SUP,104061
DOC_ACC_ENV_CERT,104061
DOC_ACC_ITAR,104061
ARG_PLAN_HTR,104103
DOC_ACC_ITAR,104103
DOC_ACC_MTRL_MNG,104103
DOC_ACC_PLN,104103
DOC_ACC_SHOP_LEAD,104103
ARG_INV_HTR,103475
DOC_ACC_MTRL_MNG,103475
DOC_ACC_ENG,104131
DOC_ACC_ENG_SUP,104131
DOC_ACC_ITAR,104131
DOC_ACC_SHOP_LEAD,104131
FLEX-PROD-TECH,104131
FS-HEMI-TECH-LAM,104131
HEMI_TECHS,104131
LASER_TECHS,104131
ARG_HTR2_ENG_COORD,103346
ARG_HTR_PROD_SUP,103346
DOC_ACC_ENG_SUP,103346
DOC_ACC_ITAR,103346
TRAIN_MANUF_HEATERS,103346
DOC_ACC_ENV_CERT,104048
ARG_HTR2_ENG_COORD,104028
ARG_HTR_PROD_SUP,104028
DOC_ACC_ENG_SUP,104028
DOC_ACC_ITAR,104028
TRAIN_MANUF_HEATERS,104028
DOC_ACC_ENG,104117
DOC_ACC_ENG_SUP,104117
FLEX-PROD-TECH,104117
QA_CLAUSE,103721
DOC_ACC_SHOP_FLR_SUP,100083
ARG_FRANCE,120117
DOC_ACC_SALES,120117
ARG_FRANCE,102725
DOC_ACC_SALES,102725
DOC_ACC_IT,104098
DOC_ACC_ENG,104102
DOC_ACC_ITAR,104102
TRAIN_MANUF_ENG,104102
DOC_ACC_SHOP_LEAD,104099
ARG_HTR_ENG_DFT,104109
DOC_ACC_ENG_SUP,104109
DOC_ACC_ITAR,104109
ARG_FLEX_MFG_ENG,104118
ARG_FLX_DEM,104118
TRAIN_MANUF_HEATERS,100497
DOC_ACC_QA_ENG,100105
ARG_HEMI_TSCS,104126
ARG_SNRS_INSTRUMENTS,104126
ARG_SNSR_COREPRODUCT,104126
ARG_FLX_RMA_ME,104118
DOC_ACC_ENG,104118
FLEX PRODUCT DESIGN,104118
DOC_ACC_TRAINING,100497
ARG_SNSR_ECOPROJECTS,104126
DOC_ACC_ENV_CERT,104126
DOC_ACC_ENG,103256
DOC_ACC_ENG_SUP,103256
DOC_ACC_ENV_CERT,103256
DOC_ACC_ITAR,103256
FLEX-PROD-TECH,103256
FS-HEMI-MFG-TECH,103256
FS-HEMI-TECH-GA,103256
FS-HEMI-TECH-LAM,103256
HEMI_TECHS,103256
DOC_ACC_FGCOORD,100366
DOC_ACC_ITAR,100366
DOC_ACC_SHOP_FLR_SUP,100366
DOC_ACC_SHOP_LEAD,104063
LIBRARIAN,103721
LIBRARIAN,103749
DOC_ACC_ENG,104073
DOC_ACC_ITAR,104073
DOC_ACC_R&D,104073
FIN_CLAUSE,100145
ARG_ENG_SPACE,104115
ARG_ECO_TSCS_HEMI,104101
DOC_ACC_ENG,104115
ARG_SNSR_COREPRODUCT,104101
DOC_ACC_ENG,104101
DOC_ACC_ITAR,104101
DOC_ACC_SHOP_LEAD,104107
DOC_ACC_ENG_SUP,104115
DOC_ACC_ITAR,104115
ARG_PLAN_HTR,104113
DOC_ACC_ITAR,104113
DOC_ACC_MTRL_MNG,104113
DOC_ACC_PLN,104113
DOC_ACC_SHOP_LEAD,104113
DOC_ACC_ENG,104122
DOC_ACC_ENG,104132
DOC_ACC_ENG_SUP,104132
DOC_ACC_ITAR,104132
DOC_ACC_ITAR,104135
DOC_ACC_SALES,104135
ARG_SQE,103721
DOC_ACC_SHOP_LEAD,103198
DOC_ACC_ENG,104079
DOC_ACC_ITAR,104079
LIBRARIAN,100468
ARG_FRANCE,105009
DOC_ACC_SALES,105009
DOC_ACC_ITAR,104104
DOC_ACC_SHOP_LEAD,104104
DOC_ACC_ITAR,103752
HEMI_TECHS,103428
ARG_FLEX_ENG_COORD,104122
ARG_HTR2_ENG_COORD,103207
ARG_HTR3_ENG_COORD,103207
ARG_HTR_ENG_COORD,103207
ARG_HTR_PMD_QUOTE,103207
ARG_HTR_SR_QUOTE,103207
ARG_HEMI_FLEX,104122
DOC_ACC_ENG_SUP,103207
DOC_ACC_ITAR,103207
LIBRARIAN,103207
DOC_ACC_DOC_COORD,104122
DOC_ACC_ENG_SUP,104122
DOC_ACC_ITAR,104122
LIBRARIAN,104122
ARG_HEMI_TS,104122
ARG_TSCS_ECO_MTL,103274
DOC_ACC_ITAR,103274
DOC_ACC_SHOP_LEAD,103274
ARG_SQE,103749
